WEATHER_DATE,REGION,TEMPERATURE,WEATHER_CONDITION,HUMIDITY,PRECIPITATION
2024-07-01,경기,33.3,비,88.8,7.3
2024-07-01,광주,27.8,더움,47.9,0.0
2024-07-01,대구,27.8,더움,77.4,0.0
2024-07-01,대전,28.4,비,77.3,8.0
2024-07-01,부산,30.1,흐림,82.8,0.0
2024-07-01,서울,27.9,흐림,72.3,0.0
2024-07-01,인천,26.4,흐림,41.4,0.0
2024-07-02,경기,29.5,더움,59.1,0.0
2024-07-02,광주,28.9,비,69.8,24.6
2024-07-02,대구,27.3,비,76.5,1.3
2024-07-02,대전,29.7,흐림,84.8,0.0
2024-07-02,부산,33.7,비,88.8,7.2
2024-07-02,서울,30.8,흐림,69.6,0.0
2024-07-02,인천,30.5,비,62.6,13.7
2024-07-03,경기,34.7,흐림,49.9,0.0
2024-07-03,광주,28.4,비,71.6,19.5
2024-07-03,대구,29.1,더움,69.3,0.0
2024-07-03,대전,25.7,더움,76.9,0.0
2024-07-03,부산,34.1,흐림,30.9,0.0
2024-07-03,서울,30.0,더움,32.2,0.0
2024-07-03,인천,33.7,더움,56.4,0.0
2024-07-04,경기,31.3,비,83.2,14.6
2024-07-04,광주,29.4,더움,71.6,0.0
2024-07-04,대구,32.5,더움,56.0,0.0
2024-07-04,대전,32.6,더움,72.2,0.0
2024-07-04,부산,31.8,흐림,47.2,0.0
2024-07-04,서울,33.5,비,81.6,11.4
2024-07-04,인천,25.4,흐림,34.1,0.0
2024-07-05,경기,28.6,비,55.8,7.3
2024-07-05,광주,27.6,비,30.6,24.1
2024-07-05,대구,27.4,흐림,84.8,0.0
2024-07-05,대전,27.3,더움,68.3,0.0
2024-07-05,부산,31.1,더움,53.0,0.0
2024-07-05,서울,25.5,더움,77.8,0.0
2024-07-05,인천,30.7,비,77.6,5.1
2024-07-06,경기,34.9,비,47.9,28.9
2024-07-06,광주,34.8,더움,69.5,0.0
2024-07-06,대구,27.4,더움,64.3,0.0
2024-07-06,대전,28.0,흐림,72.0,0.0
2024-07-06,부산,35.0,더움,81.2,0.0
2024-07-06,서울,31.8,비,39.5,13.3
2024-07-06,인천,27.5,흐림,80.7,0.0
2024-07-07,경기,34.1,더움,74.7,0.0
2024-07-07,광주,31.5,흐림,48.5,0.0
2024-07-07,대구,32.6,흐림,76.0,0.0
2024-07-07,대전,33.4,흐림,67.7,0.0
2024-07-07,부산,31.4,더움,67.3,0.0
2024-07-07,서울,25.1,비,81.9,23.3
2024-07-07,인천,32.8,비,43.8,24.1
2024-07-08,경기,28.3,비,54.9,6.0
2024-07-08,광주,26.4,더움,88.0,0.0
2024-07-08,대구,34.1,비,86.7,29.0
2024-07-08,대전,32.5,비,50.3,3.5
2024-07-08,부산,34.1,흐림,79.8,0.0
2024-07-08,서울,25.3,비,51.9,3.9
2024-07-08,인천,33.8,흐림,52.0,0.0
2024-07-09,경기,28.7,흐림,77.4,0.0
2024-07-09,광주,28.3,흐림,66.6,0.0
2024-07-09,대구,34.4,흐림,36.5,0.0
2024-07-09,대전,29.7,더움,67.2,0.0
2024-07-09,부산,31.7,비,70.3,17.5
2024-07-09,서울,32.2,흐림,88.8,0.0
2024-07-09,인천,27.6,더움,37.4,0.0
2024-07-10,경기,28.0,흐림,54.5,0.0
2024-07-10,광주,33.9,더움,69.3,0.0
2024-07-10,대구,29.5,비,70.2,22.3
2024-07-10,대전,29.2,흐림,74.5,0.0
2024-07-10,부산,26.2,비,44.1,16.1
2024-07-10,서울,25.6,흐림,79.4,0.0
2024-07-10,인천,25.5,더움,32.2,0.0
2024-07-11,경기,28.7,흐림,56.6,0.0
2024-07-11,광주,25.9,비,42.7,19.2
2024-07-11,대구,28.6,흐림,53.9,0.0
2024-07-11,대전,34.7,더움,86.9,0.0
2024-07-11,부산,28.7,흐림,84.1,0.0
2024-07-11,서울,31.2,비,86.3,8.4
2024-07-11,인천,33.6,더움,36.0,0.0
2024-07-12,경기,32.9,더움,42.3,0.0
2024-07-12,광주,26.1,더움,82.0,0.0
2024-07-12,대구,25.0,흐림,81.5,0.0
2024-07-12,대전,34.9,더움,62.4,0.0
2024-07-12,부산,28.3,더움,38.9,0.0
2024-07-12,서울,25.5,더움,50.0,0.0
2024-07-12,인천,27.1,흐림,43.0,0.0
2024-07-13,경기,30.9,더움,30.9,0.0
2024-07-13,광주,30.2,흐림,57.5,0.0
2024-07-13,대구,30.1,비,36.5,15.1
2024-07-13,대전,25.4,흐림,77.0,0.0
2024-07-13,부산,25.6,흐림,56.9,0.0
2024-07-13,서울,25.1,더움,77.4,0.0
2024-07-13,인천,25.5,비,74.5,15.8
2024-07-14,경기,29.3,비,36.5,21.4
2024-07-14,광주,29.3,흐림,77.6,0.0
2024-07-14,대구,30.5,흐림,49.5,0.0
2024-07-14,대전,30.3,흐림,57.2,0.0
2024-07-14,부산,26.3,더움,67.5,0.0
2024-07-14,서울,25.6,더움,58.7,0.0
2024-07-14,인천,25.7,비,34.8,18.2
2024-07-15,경기,32.2,흐림,42.9,0.0
2024-07-15,광주,25.9,더움,35.8,0.0
2024-07-15,대구,27.5,흐림,87.2,0.0
2024-07-15,대전,34.2,흐림,34.0,0.0
2024-07-15,부산,29.2,비,35.7,12.8
2024-07-15,서울,33.5,더움,69.1,0.0
2024-07-15,인천,33.9,비,54.8,24.8
2024-07-16,경기,30.9,더움,63.7,0.0
2024-07-16,광주,33.5,더움,51.0,0.0
2024-07-16,대구,28.1,흐림,36.2,0.0
2024-07-16,대전,27.1,흐림,69.4,0.0
2024-07-16,부산,33.7,비,73.3,29.1
2024-07-16,서울,28.7,흐림,37.8,0.0
2024-07-16,인천,31.7,비,54.6,26.2
2024-07-17,경기,27.3,흐림,55.7,0.0
2024-07-17,광주,28.5,비,40.9,4.3
2024-07-17,대구,34.3,흐림,79.8,0.0
2024-07-17,대전,25.3,비,46.4,22.9
2024-07-17,부산,31.7,흐림,63.4,0.0
2024-07-17,서울,28.7,흐림,75.8,0.0
2024-07-17,인천,34.7,흐림,79.1,0.0
2024-07-18,경기,34.7,흐림,35.5,0.0
2024-07-18,광주,25.8,흐림,56.6,0.0
2024-07-18,대구,31.0,흐림,83.0,0.0
2024-07-18,대전,26.6,더움,67.1,0.0
2024-07-18,부산,26.6,비,48.7,9.7
2024-07-18,서울,29.0,흐림,38.5,0.0
2024-07-18,인천,27.2,흐림,55.2,0.0
2024-07-19,경기,26.1,흐림,55.8,0.0
2024-07-19,광주,25.1,더움,74.8,0.0
2024-07-19,대구,27.0,더움,86.7,0.0
2024-07-19,대전,32.6,더움,47.4,0.0
2024-07-19,부산,25.5,비,53.7,18.0
2024-07-19,서울,29.9,비,56.5,8.2
2024-07-19,인천,31.8,비,65.6,15.8
2024-07-20,경기,30.0,더움,80.0,0.0
2024-07-20,광주,33.0,더움,67.1,0.0
2024-07-20,대구,30.8,비,64.4,21.3
2024-07-20,대전,27.9,비,54.3,29.0
2024-07-20,부산,29.6,더움,34.7,0.0
2024-07-20,서울,26.3,더움,62.0,0.0
2024-07-20,인천,25.7,비,81.7,1.3
2024-07-21,경기,27.4,더움,65.3,0.0
2024-07-21,광주,28.5,비,87.5,19.4
2024-07-21,대구,25.8,더움,68.0,0.0
2024-07-21,대전,30.1,흐림,84.4,0.0
2024-07-21,부산,28.4,흐림,50.0,0.0
2024-07-21,서울,34.2,흐림,35.3,0.0
2024-07-21,인천,25.8,흐림,82.2,0.0
2024-07-22,경기,26.7,더움,39.2,0.0
2024-07-22,광주,33.6,비,67.6,4.5
2024-07-22,대구,29.5,흐림,85.4,0.0
2024-07-22,대전,31.4,흐림,89.2,0.0
2024-07-22,부산,29.9,흐림,75.3,0.0
2024-07-22,서울,27.4,더움,38.8,0.0
2024-07-22,인천,25.8,흐림,87.1,0.0
2024-07-23,경기,30.9,비,51.1,2.2
2024-07-23,광주,29.5,더움,78.6,0.0
2024-07-23,대구,31.2,더움,60.4,0.0
2024-07-23,대전,30.8,비,87.3,22.2
2024-07-23,부산,31.4,더움,88.6,0.0
2024-07-23,서울,29.7,더움,67.9,0.0
2024-07-23,인천,29.5,비,33.4,25.0
2024-07-24,경기,26.5,흐림,33.7,0.0
2024-07-24,광주,28.9,비,76.5,20.4
2024-07-24,대구,27.5,더움,56.3,0.0
2024-07-24,대전,30.2,비,66.6,10.9
2024-07-24,부산,25.8,흐림,68.8,0.0
2024-07-24,서울,26.9,흐림,66.3,0.0
2024-07-24,인천,33.1,더움,80.2,0.0
2024-07-25,경기,28.3,더움,63.5,0.0
2024-07-25,광주,32.1,흐림,35.1,0.0
2024-07-25,대구,31.6,흐림,85.0,0.0
2024-07-25,대전,34.7,비,71.9,11.8
2024-07-25,부산,33.7,흐림,50.0,0.0
2024-07-25,서울,32.9,더움,68.8,0.0
2024-07-25,인천,27.8,비,73.4,19.7
2024-07-26,경기,31.7,더움,79.7,0.0
2024-07-26,광주,26.5,더움,47.7,0.0
2024-07-26,대구,25.2,비,48.5,28.5
2024-07-26,대전,34.5,비,59.2,6.8
2024-07-26,부산,31.5,더움,55.4,0.0
2024-07-26,서울,28.8,흐림,77.5,0.0
2024-07-26,인천,35.0,흐림,84.7,0.0
2024-07-27,경기,33.8,흐림,32.3,0.0
2024-07-27,광주,31.1,비,75.1,23.5
2024-07-27,대구,33.1,흐림,39.9,0.0
2024-07-27,대전,25.4,비,51.9,21.6
2024-07-27,부산,26.6,더움,79.9,0.0
2024-07-27,서울,30.1,더움,62.4,0.0
2024-07-27,인천,33.8,비,67.1,17.9
2024-07-28,경기,34.0,비,41.6,20.3
2024-07-28,광주,33.7,비,63.3,3.1
2024-07-28,대구,33.2,더움,78.1,0.0
2024-07-28,대전,33.7,더움,33.1,0.0
2024-07-28,부산,32.8,비,60.2,12.6
2024-07-28,서울,30.3,더움,48.6,0.0
2024-07-28,인천,34.8,흐림,57.7,0.0
2024-07-29,경기,27.7,더움,84.3,0.0
2024-07-29,광주,28.2,더움,35.9,0.0
2024-07-29,대구,29.1,더움,53.8,0.0
2024-07-29,대전,27.4,비,89.7,11.2
2024-07-29,부산,33.2,더움,83.1,0.0
2024-07-29,서울,33.5,흐림,47.1,0.0
2024-07-29,인천,33.3,더움,35.5,0.0
2024-07-30,경기,25.4,더움,85.0,0.0
2024-07-30,광주,27.4,비,37.3,7.2
2024-07-30,대구,33.3,더움,62.9,0.0
2024-07-30,대전,31.1,흐림,55.4,0.0
2024-07-30,부산,31.2,비,84.4,0.6
2024-07-30,서울,31.5,흐림,77.5,0.0
2024-07-30,인천,32.0,비,38.3,21.2
2024-07-31,경기,33.4,더움,60.0,0.0
2024-07-31,광주,25.7,비,61.6,15.2
2024-07-31,대구,31.1,더움,44.4,0.0
2024-07-31,대전,26.9,비,70.1,15.7
2024-07-31,부산,32.2,더움,47.5,0.0
2024-07-31,서울,32.9,흐림,57.4,0.0
2024-07-31,인천,25.2,흐림,60.9,0.0
2024-08-01,경기,25.4,비,53.2,11.2
2024-08-01,광주,26.8,흐림,76.7,0.0
2024-08-01,대구,32.4,흐림,50.0,0.0
2024-08-01,대전,28.5,더움,50.3,0.0
2024-08-01,부산,27.4,비,69.4,3.1
2024-08-01,서울,30.5,흐림,53.4,0.0
2024-08-01,인천,25.2,흐림,77.3,0.0
2024-08-02,경기,25.6,더움,76.6,0.0
2024-08-02,광주,33.7,더움,49.9,0.0
2024-08-02,대구,34.9,비,62.6,7.6
2024-08-02,대전,26.9,흐림,51.4,0.0
2024-08-02,부산,28.2,더움,48.6,0.0
2024-08-02,서울,34.8,비,58.7,5.5
2024-08-02,인천,25.4,비,42.1,23.7
2024-08-03,경기,32.4,비,83.7,11.6
2024-08-03,광주,31.6,비,48.4,18.1
2024-08-03,대구,25.8,비,66.1,24.7
2024-08-03,대전,27.9,흐림,36.2,0.0
2024-08-03,부산,27.7,흐림,35.0,0.0
2024-08-03,서울,33.0,더움,56.2,0.0
2024-08-03,인천,30.0,더움,59.9,0.0
2024-08-04,경기,33.7,흐림,51.2,0.0
2024-08-04,광주,25.3,비,34.0,23.4
2024-08-04,대구,33.0,흐림,70.8,0.0
2024-08-04,대전,26.4,더움,66.5,0.0
2024-08-04,부산,31.7,더움,54.4,0.0
2024-08-04,서울,26.7,비,56.6,13.4
2024-08-04,인천,27.7,비,88.8,28.4
2024-08-05,경기,31.8,더움,86.9,0.0
2024-08-05,광주,32.7,비,72.2,6.4
2024-08-05,대구,25.3,더움,41.2,0.0
2024-08-05,대전,28.9,흐림,63.7,0.0
2024-08-05,부산,29.0,비,69.0,7.5
2024-08-05,서울,28.6,비,87.0,1.0
2024-08-05,인천,29.4,비,34.6,4.1
2024-08-06,경기,27.0,비,38.1,2.2
2024-08-06,광주,31.4,흐림,77.6,0.0
2024-08-06,대구,31.7,비,72.6,16.5
2024-08-06,대전,33.9,비,81.1,21.4
2024-08-06,부산,33.1,더움,88.1,0.0
2024-08-06,서울,27.9,흐림,85.0,0.0
2024-08-06,인천,34.0,더움,56.7,0.0
2024-08-07,경기,27.4,더움,59.6,0.0
2024-08-07,광주,33.2,비,34.4,29.2
2024-08-07,대구,28.1,더움,90.0,0.0
2024-08-07,대전,29.8,흐림,54.6,0.0
2024-08-07,부산,26.3,흐림,83.1,0.0
2024-08-07,서울,27.2,흐림,89.1,0.0
2024-08-07,인천,30.5,비,52.1,24.1
2024-08-08,경기,28.4,흐림,82.7,0.0
2024-08-08,광주,34.5,비,61.1,8.5
2024-08-08,대구,33.3,더움,61.1,0.0
2024-08-08,대전,26.6,비,49.4,21.3
2024-08-08,부산,29.3,더움,84.6,0.0
2024-08-08,서울,25.7,흐림,57.9,0.0
2024-08-08,인천,31.4,흐림,40.9,0.0
2024-08-09,경기,27.7,흐림,67.5,0.0
2024-08-09,광주,33.3,더움,31.7,0.0
2024-08-09,대구,31.6,더움,73.2,0.0
2024-08-09,대전,28.4,흐림,85.4,0.0
2024-08-09,부산,30.9,더움,64.8,0.0
2024-08-09,서울,27.5,더움,68.1,0.0
2024-08-09,인천,30.3,흐림,60.2,0.0
2024-08-10,경기,31.5,비,76.0,12.5
2024-08-10,광주,29.6,비,50.4,4.3
2024-08-10,대구,27.4,비,78.4,12.2
2024-08-10,대전,25.7,비,33.6,13.2
2024-08-10,부산,27.9,흐림,87.4,0.0
2024-08-10,서울,34.5,더움,76.3,0.0
2024-08-10,인천,25.3,흐림,83.3,0.0
2024-08-11,경기,34.8,비,37.8,11.1
2024-08-11,광주,33.1,더움,86.0,0.0
2024-08-11,대구,25.5,더움,86.7,0.0
2024-08-11,대전,29.2,흐림,87.8,0.0
2024-08-11,부산,27.7,더움,44.9,0.0
2024-08-11,서울,28.2,흐림,89.3,0.0
2024-08-11,인천,26.1,흐림,44.5,0.0
2024-08-12,경기,35.0,비,58.0,26.4
2024-08-12,광주,33.5,더움,55.9,0.0
2024-08-12,대구,27.8,더움,65.9,0.0
2024-08-12,대전,31.7,흐림,47.1,0.0
2024-08-12,부산,27.2,더움,51.2,0.0
2024-08-12,서울,28.1,흐림,75.8,0.0
2024-08-12,인천,25.2,비,86.7,15.2
2024-08-13,경기,25.5,비,63.7,10.9
2024-08-13,광주,30.1,흐림,60.0,0.0
2024-08-13,대구,34.8,더움,53.6,0.0
2024-08-13,대전,30.6,비,51.9,4.3
2024-08-13,부산,33.3,비,67.4,18.3
2024-08-13,서울,32.3,비,75.8,11.0
2024-08-13,인천,25.7,비,60.3,22.9
2024-08-14,경기,30.2,비,38.9,26.8
2024-08-14,광주,28.3,비,36.6,12.5
2024-08-14,대구,30.9,비,60.4,15.3
2024-08-14,대전,32.1,비,48.0,24.5
2024-08-14,부산,28.9,더움,67.0,0.0
2024-08-14,서울,25.4,더움,72.8,0.0
2024-08-14,인천,28.3,더움,66.8,0.0
2024-08-15,경기,31.0,더움,45.9,0.0
2024-08-15,광주,26.1,흐림,31.1,0.0
2024-08-15,대구,26.7,비,67.7,18.6
2024-08-15,대전,26.5,비,70.8,0.9
2024-08-15,부산,27.3,흐림,33.1,0.0
2024-08-15,서울,33.0,비,73.5,20.6
2024-08-15,인천,32.8,흐림,76.6,0.0
2024-08-16,경기,32.7,흐림,85.2,0.0
2024-08-16,광주,28.5,흐림,76.3,0.0
2024-08-16,대구,29.8,흐림,52.6,0.0
2024-08-16,대전,29.6,더움,62.0,0.0
2024-08-16,부산,27.1,흐림,49.5,0.0
2024-08-16,서울,29.2,비,54.8,6.1
2024-08-16,인천,32.3,흐림,72.3,0.0
2024-08-17,경기,31.1,비,41.5,7.4
2024-08-17,광주,30.4,흐림,83.7,0.0
2024-08-17,대구,28.2,비,50.9,28.0
2024-08-17,대전,27.7,흐림,37.3,0.0
2024-08-17,부산,32.7,비,72.3,20.7
2024-08-17,서울,31.8,흐림,78.2,0.0
2024-08-17,인천,28.0,흐림,86.5,0.0
2024-08-18,경기,25.4,비,87.3,2.4
2024-08-18,광주,31.4,더움,33.1,0.0
2024-08-18,대구,26.4,비,66.9,17.6
2024-08-18,대전,25.5,더움,84.3,0.0
2024-08-18,부산,27.7,흐림,63.7,0.0
2024-08-18,서울,33.2,비,87.3,24.1
2024-08-18,인천,31.6,비,74.8,6.4
2024-08-19,경기,25.1,더움,63.0,0.0
2024-08-19,광주,33.5,흐림,32.2,0.0
2024-08-19,대구,27.9,비,33.5,23.1
2024-08-19,대전,30.7,흐림,62.1,0.0
2024-08-19,부산,29.8,비,42.0,28.9
2024-08-19,서울,28.3,비,58.3,20.4
2024-08-19,인천,29.1,더움,86.1,0.0
2024-08-20,경기,35.0,더움,53.8,0.0
2024-08-20,광주,33.5,더움,58.1,0.0
2024-08-20,대구,34.3,더움,50.1,0.0
2024-08-20,대전,34.9,비,62.6,14.8
2024-08-20,부산,33.8,비,30.6,17.0
2024-08-20,서울,29.2,더움,80.3,0.0
2024-08-20,인천,26.9,비,74.9,26.2
2024-08-21,경기,29.6,흐림,45.4,0.0
2024-08-21,광주,26.8,더움,38.4,0.0
2024-08-21,대구,34.0,흐림,79.6,0.0
2024-08-21,대전,28.3,흐림,54.0,0.0
2024-08-21,부산,30.7,비,75.4,5.3
2024-08-21,서울,33.1,더움,49.8,0.0
2024-08-21,인천,25.1,더움,50.2,0.0
2024-08-22,경기,32.5,비,87.2,9.1
2024-08-22,광주,34.2,흐림,47.7,0.0
2024-08-22,대구,26.6,비,71.2,27.7
2024-08-22,대전,32.7,흐림,71.4,0.0
2024-08-22,부산,31.9,비,33.7,3.5
2024-08-22,서울,34.4,비,30.4,11.5
2024-08-22,인천,30.7,흐림,45.7,0.0
2024-08-23,경기,26.5,비,74.9,18.2
2024-08-23,광주,25.8,비,63.9,1.9
2024-08-23,대구,32.5,흐림,82.4,0.0
2024-08-23,대전,30.3,더움,61.7,0.0
2024-08-23,부산,33.3,흐림,75.7,0.0
2024-08-23,서울,27.2,흐림,87.4,0.0
2024-08-23,인천,32.0,비,84.8,22.7
2024-08-24,경기,26.5,흐림,49.7,0.0
2024-08-24,광주,30.6,더움,70.4,0.0
2024-08-24,대구,29.5,흐림,33.3,0.0
2024-08-24,대전,30.1,더움,57.4,0.0
2024-08-24,부산,30.8,흐림,35.5,0.0
2024-08-24,서울,34.0,흐림,42.1,0.0
2024-08-24,인천,29.4,흐림,70.8,0.0
2024-08-25,경기,27.2,흐림,34.4,0.0
2024-08-25,광주,29.5,비,85.0,11.3
2024-08-25,대구,29.1,비,76.1,23.0
2024-08-25,대전,31.5,흐림,55.2,0.0
2024-08-25,부산,34.9,더움,58.3,0.0
2024-08-25,서울,32.2,비,53.8,24.5
2024-08-25,인천,28.4,비,33.8,29.8
2024-08-26,경기,26.3,흐림,81.6,0.0
2024-08-26,광주,27.5,더움,50.8,0.0
2024-08-26,대구,32.6,더움,88.7,0.0
2024-08-26,대전,31.7,비,62.7,16.0
2024-08-26,부산,26.3,흐림,88.7,0.0
2024-08-26,서울,31.8,더움,69.7,0.0
2024-08-26,인천,26.8,더움,62.2,0.0
2024-08-27,경기,33.1,더움,55.2,0.0
2024-08-27,광주,32.5,더움,76.6,0.0
2024-08-27,대구,33.7,흐림,44.7,0.0
2024-08-27,대전,29.0,더움,44.1,0.0
2024-08-27,부산,25.3,흐림,65.9,0.0
2024-08-27,서울,26.9,비,82.5,23.0
2024-08-27,인천,27.4,더움,34.0,0.0
2024-08-28,경기,30.8,흐림,64.6,0.0
2024-08-28,광주,30.6,비,32.8,10.3
2024-08-28,대구,28.0,비,33.7,28.5
2024-08-28,대전,34.1,흐림,67.6,0.0
2024-08-28,부산,34.9,더움,61.3,0.0
2024-08-28,서울,30.0,더움,47.4,0.0
2024-08-28,인천,33.2,흐림,44.2,0.0
2024-08-29,경기,32.0,비,54.5,9.0
2024-08-29,광주,27.0,비,68.8,27.7
2024-08-29,대구,34.1,비,63.7,29.0
2024-08-29,대전,30.3,흐림,53.3,0.0
2024-08-29,부산,28.0,더움,72.5,0.0
2024-08-29,서울,31.7,흐림,77.1,0.0
2024-08-29,인천,32.5,더움,58.4,0.0
2024-08-30,경기,28.8,비,66.3,1.2
2024-08-30,광주,26.2,흐림,90.0,0.0
2024-08-30,대구,33.7,더움,50.0,0.0
2024-08-30,대전,27.1,더움,41.4,0.0
2024-08-30,부산,31.7,흐림,43.0,0.0
2024-08-30,서울,25.9,비,73.5,5.7
2024-08-30,인천,26.9,더움,75.7,0.0
2024-08-31,경기,34.2,비,63.1,23.3
2024-08-31,광주,33.6,흐림,74.5,0.0
2024-08-31,대구,29.7,흐림,80.4,0.0
2024-08-31,대전,28.7,더움,54.8,0.0
2024-08-31,부산,30.1,비,59.8,3.0
2024-08-31,서울,34.1,비,71.7,21.1
2024-08-31,인천,29.7,비,68.9,9.3
2024-09-01,경기,25.2,비,47.7,5.9
2024-09-01,광주,19.7,흐림,73.2,0.0
2024-09-01,대구,20.6,흐림,79.3,0.0
2024-09-01,대전,24.4,비,59.4,5.0
2024-09-01,부산,23.5,흐림,86.6,0.0
2024-09-01,서울,20.6,맑음,86.1,0.0
2024-09-01,인천,21.8,맑음,80.0,0.0
2024-09-02,경기,27.6,비,61.4,25.2
2024-09-02,광주,24.4,비,86.0,27.4
2024-09-02,대구,18.7,맑음,39.1,0.0
2024-09-02,대전,23.1,맑음,52.4,0.0
2024-09-02,부산,22.1,맑음,80.6,0.0
2024-09-02,서울,19.8,흐림,83.4,0.0
2024-09-02,인천,27.5,맑음,70.1,0.0
2024-09-03,경기,18.2,맑음,73.3,0.0
2024-09-03,광주,18.8,흐림,87.6,0.0
2024-09-03,대구,23.2,맑음,44.5,0.0
2024-09-03,대전,23.3,비,78.9,8.0
2024-09-03,부산,22.3,비,86.4,5.4
2024-09-03,서울,22.9,비,30.4,16.5
2024-09-03,인천,27.8,비,31.0,24.4
2024-09-04,경기,21.0,맑음,79.7,0.0
2024-09-04,광주,23.7,흐림,81.5,0.0
2024-09-04,대구,22.8,비,68.2,21.1
2024-09-04,대전,23.0,맑음,56.0,0.0
2024-09-04,부산,18.9,맑음,52.8,0.0
2024-09-04,서울,23.7,흐림,89.4,0.0
2024-09-04,인천,24.5,맑음,81.5,0.0
2024-09-05,경기,20.1,맑음,82.1,0.0
2024-09-05,광주,26.2,비,85.7,9.0
2024-09-05,대구,19.8,맑음,81.0,0.0
2024-09-05,대전,27.6,맑음,65.2,0.0
2024-09-05,부산,27.0,흐림,63.8,0.0
2024-09-05,서울,26.9,맑음,85.1,0.0
2024-09-05,인천,22.8,비,32.8,2.2
2024-09-06,경기,21.3,비,75.3,4.2
2024-09-06,광주,25.8,흐림,57.0,0.0
2024-09-06,대구,21.4,맑음,76.1,0.0
2024-09-06,대전,22.0,비,76.4,0.9
2024-09-06,부산,19.0,맑음,43.9,0.0
2024-09-06,서울,20.4,비,80.1,11.7
2024-09-06,인천,25.2,비,60.0,29.2
2024-09-07,경기,19.9,흐림,65.2,0.0
2024-09-07,광주,18.9,맑음,86.6,0.0
2024-09-07,대구,21.8,맑음,77.0,0.0
2024-09-07,대전,25.4,맑음,49.0,0.0
2024-09-07,부산,25.1,맑음,34.9,0.0
2024-09-07,서울,21.6,맑음,86.5,0.0
2024-09-07,인천,18.9,흐림,67.1,0.0
2024-09-08,경기,18.9,맑음,55.9,0.0
2024-09-08,광주,27.1,비,88.7,17.2
2024-09-08,대구,26.6,흐림,30.7,0.0
2024-09-08,대전,21.9,흐림,35.1,0.0
2024-09-08,부산,23.5,흐림,65.8,0.0
2024-09-08,서울,21.6,흐림,46.2,0.0
2024-09-08,인천,23.5,비,54.5,0.8
2024-09-09,경기,21.0,흐림,59.6,0.0
2024-09-09,광주,19.4,맑음,30.4,0.0
2024-09-09,대구,27.4,흐림,73.3,0.0
2024-09-09,대전,23.9,흐림,41.7,0.0
2024-09-09,부산,22.8,흐림,34.6,0.0
2024-09-09,서울,24.9,맑음,40.2,0.0
2024-09-09,인천,19.7,맑음,46.6,0.0
2024-09-10,경기,22.4,흐림,55.8,0.0
2024-09-10,광주,21.8,흐림,79.0,0.0
2024-09-10,대구,20.9,흐림,71.7,0.0
2024-09-10,대전,27.7,흐림,76.9,0.0
2024-09-10,부산,20.0,비,48.9,28.9
2024-09-10,서울,21.3,흐림,67.2,0.0
2024-09-10,인천,27.7,비,38.2,9.6
2024-09-11,경기,23.9,맑음,62.7,0.0
2024-09-11,광주,20.4,흐림,69.5,0.0
2024-09-11,대구,26.2,맑음,77.7,0.0
2024-09-11,대전,24.7,흐림,38.4,0.0
2024-09-11,부산,20.1,비,77.9,24.9
2024-09-11,서울,21.7,흐림,85.9,0.0
2024-09-11,인천,25.7,비,31.6,21.8
2024-09-12,경기,22.8,비,54.0,15.2
2024-09-12,광주,24.8,비,54.0,22.6
2024-09-12,대구,19.1,맑음,44.9,0.0
2024-09-12,대전,21.6,비,68.8,1.3
2024-09-12,부산,27.0,비,62.2,19.1
2024-09-12,서울,22.2,비,52.6,13.5
2024-09-12,인천,22.2,비,32.2,29.1
2024-09-13,경기,23.1,맑음,61.1,0.0
2024-09-13,광주,26.3,맑음,73.8,0.0
2024-09-13,대구,19.5,비,89.9,14.5
2024-09-13,대전,22.2,흐림,87.7,0.0
2024-09-13,부산,25.7,흐림,65.3,0.0
2024-09-13,서울,19.1,흐림,35.9,0.0
2024-09-13,인천,24.9,비,43.3,11.2
2024-09-14,경기,23.2,맑음,50.9,0.0
2024-09-14,광주,19.7,비,39.6,16.8
2024-09-14,대구,19.2,비,81.0,19.4
2024-09-14,대전,26.0,비,85.8,22.2
2024-09-14,부산,18.7,흐림,32.7,0.0
2024-09-14,서울,21.1,흐림,57.3,0.0
2024-09-14,인천,22.4,맑음,71.8,0.0
2024-09-15,경기,19.9,맑음,69.4,0.0
2024-09-15,광주,19.9,비,49.6,13.7
2024-09-15,대구,25.0,맑음,42.3,0.0
2024-09-15,대전,26.1,비,33.8,3.1
2024-09-15,부산,22.5,맑음,55.8,0.0
2024-09-15,서울,20.3,흐림,54.3,0.0
2024-09-15,인천,18.3,흐림,66.8,0.0
2024-09-16,경기,21.1,비,53.3,11.8
2024-09-16,광주,19.4,비,53.3,17.9
2024-09-16,대구,23.9,비,70.3,9.4
2024-09-16,대전,21.1,맑음,41.0,0.0
2024-09-16,부산,19.7,비,70.4,24.0
2024-09-16,서울,24.7,흐림,59.4,0.0
2024-09-16,인천,21.5,맑음,80.7,0.0
2024-09-17,경기,27.2,비,85.8,5.2
2024-09-17,광주,24.5,비,54.5,14.8
2024-09-17,대구,27.5,흐림,59.1,0.0
2024-09-17,대전,26.2,맑음,87.8,0.0
2024-09-17,부산,26.4,흐림,67.2,0.0
2024-09-17,서울,21.8,비,41.1,19.1
2024-09-17,인천,22.9,맑음,38.4,0.0
2024-09-18,경기,26.0,맑음,43.2,0.0
2024-09-18,광주,23.4,흐림,75.4,0.0
2024-09-18,대구,23.5,흐림,36.8,0.0
2024-09-18,대전,20.7,맑음,62.6,0.0
2024-09-18,부산,25.8,맑음,63.9,0.0
2024-09-18,서울,26.4,비,59.3,2.5
2024-09-18,인천,20.7,맑음,62.3,0.0
2024-09-19,경기,26.3,비,75.1,8.9
2024-09-19,광주,24.2,맑음,77.1,0.0
2024-09-19,대구,20.1,맑음,74.3,0.0
2024-09-19,대전,21.5,비,72.6,19.0
2024-09-19,부산,22.4,맑음,89.6,0.0
2024-09-19,서울,22.4,비,43.1,12.8
2024-09-19,인천,22.5,맑음,50.9,0.0
2024-09-20,경기,20.8,비,62.3,9.7
2024-09-20,광주,21.2,비,44.9,25.3
2024-09-20,대구,27.2,흐림,89.5,0.0
2024-09-20,대전,19.3,비,82.0,7.5
2024-09-20,부산,27.9,비,70.8,2.9
2024-09-20,서울,26.1,맑음,64.2,0.0
2024-09-20,인천,20.9,비,64.4,28.6
2024-09-21,경기,24.3,흐림,52.5,0.0
2024-09-21,광주,18.9,비,88.3,19.0
2024-09-21,대구,27.4,비,52.1,28.5
2024-09-21,대전,23.8,흐림,82.1,0.0
2024-09-21,부산,22.0,맑음,75.0,0.0
2024-09-21,서울,22.9,흐림,64.6,0.0
2024-09-21,인천,24.3,맑음,82.8,0.0
2024-09-22,경기,27.7,맑음,79.5,0.0
2024-09-22,광주,18.2,흐림,85.8,0.0
2024-09-22,대구,25.9,흐림,83.6,0.0
2024-09-22,대전,18.5,맑음,67.6,0.0
2024-09-22,부산,23.5,흐림,37.8,0.0
2024-09-22,서울,21.6,비,33.8,16.0
2024-09-22,인천,20.7,흐림,79.7,0.0
2024-09-23,경기,20.0,흐림,71.3,0.0
2024-09-23,광주,25.0,비,44.0,19.7
2024-09-23,대구,21.7,맑음,84.2,0.0
2024-09-23,대전,18.5,맑음,67.5,0.0
2024-09-23,부산,18.9,흐림,51.6,0.0
2024-09-23,서울,22.4,맑음,30.0,0.0
2024-09-23,인천,26.8,맑음,48.1,0.0
2024-09-24,경기,20.3,비,70.8,0.3
2024-09-24,광주,24.4,맑음,70.6,0.0
2024-09-24,대구,26.1,비,36.2,11.0
2024-09-24,대전,19.4,흐림,76.4,0.0
2024-09-24,부산,19.3,비,34.2,11.5
2024-09-24,서울,19.0,비,42.8,2.3
2024-09-24,인천,21.4,비,37.2,25.8
2024-09-25,경기,19.6,비,51.1,6.4
2024-09-25,광주,24.4,흐림,44.9,0.0
2024-09-25,대구,23.9,맑음,53.0,0.0
2024-09-25,대전,21.1,흐림,38.4,0.0
2024-09-25,부산,18.9,맑음,36.0,0.0
2024-09-25,서울,23.3,맑음,30.5,0.0
2024-09-25,인천,19.5,비,54.7,20.6
2024-09-26,경기,18.3,비,80.8,26.3
2024-09-26,광주,27.9,맑음,86.0,0.0
2024-09-26,대구,22.9,맑음,36.8,0.0
2024-09-26,대전,24.4,흐림,34.3,0.0
2024-09-26,부산,21.9,비,68.8,23.5
2024-09-26,서울,24.0,비,66.5,23.4
2024-09-26,인천,23.2,맑음,60.6,0.0
2024-09-27,경기,21.7,흐림,71.0,0.0
2024-09-27,광주,25.7,비,55.4,12.1
2024-09-27,대구,18.4,맑음,33.6,0.0
2024-09-27,대전,23.1,흐림,67.7,0.0
2024-09-27,부산,23.9,맑음,30.8,0.0
2024-09-27,서울,21.9,맑음,80.3,0.0
2024-09-27,인천,27.5,흐림,76.2,0.0
2024-09-28,경기,18.8,흐림,85.3,0.0
2024-09-28,광주,19.2,흐림,66.7,0.0
2024-09-28,대구,25.0,흐림,73.8,0.0
2024-09-28,대전,18.6,맑음,35.2,0.0
2024-09-28,부산,25.6,비,69.0,19.3
2024-09-28,서울,23.4,비,67.0,8.3
2024-09-28,인천,23.4,맑음,53.4,0.0
2024-09-29,경기,19.8,비,30.8,4.1
2024-09-29,광주,21.4,맑음,55.8,0.0
2024-09-29,대구,19.3,흐림,76.9,0.0
2024-09-29,대전,25.3,흐림,37.1,0.0
2024-09-29,부산,23.2,비,79.4,7.8
2024-09-29,서울,21.1,맑음,74.5,0.0
2024-09-29,인천,19.6,맑음,87.2,0.0
2024-09-30,경기,23.0,맑음,60.6,0.0
2024-09-30,광주,18.5,맑음,51.8,0.0
2024-09-30,대구,24.7,비,36.9,22.2
2024-09-30,대전,18.4,맑음,81.8,0.0
2024-09-30,부산,19.6,흐림,76.4,0.0
2024-09-30,서울,18.6,비,72.7,17.3
2024-09-30,인천,23.0,맑음,64.0,0.0
2024-10-01,경기,15.5,맑음,84.8,0.0
2024-10-01,광주,12.2,맑음,60.9,0.0
2024-10-01,대구,18.3,흐림,64.3,0.0
2024-10-01,대전,15.0,맑음,84.1,0.0
2024-10-01,부산,14.2,맑음,73.2,0.0
2024-10-01,서울,11.8,맑음,87.6,0.0
2024-10-01,인천,16.6,추움,43.5,0.0
2024-10-02,경기,18.7,흐림,76.4,0.0
2024-10-02,광주,17.3,맑음,62.8,0.0
2024-10-02,대구,17.4,흐림,44.6,0.0
2024-10-02,대전,15.9,흐림,59.6,0.0
2024-10-02,부산,13.7,맑음,47.5,0.0
2024-10-02,서울,19.5,맑음,34.1,0.0
2024-10-02,인천,13.3,흐림,63.2,0.0
2024-10-03,경기,12.3,맑음,50.8,0.0
2024-10-03,광주,19.7,맑음,38.5,0.0
2024-10-03,대구,17.3,추움,36.2,0.0
2024-10-03,대전,19.8,추움,55.2,0.0
2024-10-03,부산,17.6,맑음,52.6,0.0
2024-10-03,서울,11.5,맑음,85.9,0.0
2024-10-03,인천,18.8,추움,87.1,0.0
2024-10-04,경기,14.1,추움,83.7,0.0
2024-10-04,광주,12.6,흐림,48.9,0.0
2024-10-04,대구,10.7,흐림,64.1,0.0
2024-10-04,대전,16.6,흐림,37.8,0.0
2024-10-04,부산,15.1,맑음,68.2,0.0
2024-10-04,서울,10.9,흐림,85.3,0.0
2024-10-04,인천,19.7,흐림,35.1,0.0
2024-10-05,경기,14.5,흐림,44.0,0.0
2024-10-05,광주,14.6,흐림,81.1,0.0
2024-10-05,대구,13.1,흐림,37.2,0.0
2024-10-05,대전,19.6,흐림,42.5,0.0
2024-10-05,부산,11.6,맑음,39.9,0.0
2024-10-05,서울,17.0,흐림,74.1,0.0
2024-10-05,인천,11.4,맑음,76.2,0.0
2024-10-06,경기,17.0,추움,32.4,0.0
2024-10-06,광주,17.5,추움,45.0,0.0
2024-10-06,대구,12.6,흐림,89.4,0.0
2024-10-06,대전,19.5,맑음,81.3,0.0
2024-10-06,부산,14.0,흐림,32.9,0.0
2024-10-06,서울,11.6,맑음,71.2,0.0
2024-10-06,인천,11.5,흐림,72.7,0.0
2024-10-07,경기,10.1,맑음,79.8,0.0
2024-10-07,광주,14.4,추움,37.7,0.0
2024-10-07,대구,15.8,맑음,45.5,0.0
2024-10-07,대전,10.2,맑음,33.9,0.0
2024-10-07,부산,16.9,흐림,86.3,0.0
2024-10-07,서울,11.0,흐림,77.6,0.0
2024-10-07,인천,11.3,맑음,79.4,0.0
2024-10-08,경기,11.7,맑음,64.4,0.0
2024-10-08,광주,16.5,맑음,59.9,0.0
2024-10-08,대구,12.7,맑음,56.8,0.0
2024-10-08,대전,10.3,맑음,67.2,0.0
2024-10-08,부산,14.3,추움,51.2,0.0
2024-10-08,서울,11.2,흐림,86.5,0.0
2024-10-08,인천,13.9,추움,31.8,0.0
2024-10-09,경기,11.4,흐림,42.0,0.0
2024-10-09,광주,13.9,흐림,40.8,0.0
2024-10-09,대구,13.6,추움,62.7,0.0
2024-10-09,대전,13.4,흐림,63.9,0.0
2024-10-09,부산,17.9,추움,89.4,0.0
2024-10-09,서울,14.8,추움,35.3,0.0
2024-10-09,인천,12.5,추움,89.6,0.0
2024-10-10,경기,10.6,흐림,89.5,0.0
2024-10-10,광주,15.8,맑음,89.0,0.0
2024-10-10,대구,12.4,추움,62.0,0.0
2024-10-10,대전,10.6,추움,89.8,0.0
2024-10-10,부산,19.7,맑음,36.0,0.0
2024-10-10,서울,16.0,흐림,31.8,0.0
2024-10-10,인천,13.6,추움,65.0,0.0
2024-10-11,경기,11.8,맑음,65.6,0.0
2024-10-11,광주,15.4,흐림,40.5,0.0
2024-10-11,대구,15.6,추움,63.8,0.0
2024-10-11,대전,18.4,맑음,78.6,0.0
2024-10-11,부산,17.0,맑음,51.1,0.0
2024-10-11,서울,13.5,흐림,80.4,0.0
2024-10-11,인천,17.0,추움,84.8,0.0
2024-10-12,경기,10.2,맑음,58.7,0.0
2024-10-12,광주,18.6,추움,87.6,0.0
2024-10-12,대구,10.6,흐림,38.9,0.0
2024-10-12,대전,19.2,추움,76.5,0.0
2024-10-12,부산,13.4,맑음,40.6,0.0
2024-10-12,서울,10.9,맑음,44.0,0.0
2024-10-12,인천,19.2,흐림,42.1,0.0
2024-10-13,경기,11.0,추움,48.1,0.0
2024-10-13,광주,12.2,흐림,65.3,0.0
2024-10-13,대구,13.2,추움,72.4,0.0
2024-10-13,대전,16.9,추움,85.7,0.0
2024-10-13,부산,17.9,흐림,87.6,0.0
2024-10-13,서울,17.0,흐림,69.7,0.0
2024-10-13,인천,19.8,맑음,73.9,0.0
2024-10-14,경기,11.3,흐림,73.7,0.0
2024-10-14,광주,13.5,맑음,49.2,0.0
2024-10-14,대구,12.2,추움,63.9,0.0
2024-10-14,대전,11.4,흐림,74.7,0.0
2024-10-14,부산,10.3,추움,66.1,0.0
2024-10-14,서울,13.8,맑음,74.0,0.0
2024-10-14,인천,19.5,추움,53.5,0.0
2024-10-15,경기,16.7,추움,73.8,0.0
2024-10-15,광주,14.9,흐림,52.7,0.0
2024-10-15,대구,17.2,맑음,32.9,0.0
2024-10-15,대전,17.3,흐림,88.1,0.0
2024-10-15,부산,16.9,맑음,51.0,0.0
2024-10-15,서울,18.9,추움,35.3,0.0
2024-10-15,인천,14.5,흐림,45.9,0.0
2024-10-16,경기,16.5,추움,71.2,0.0
2024-10-16,광주,13.4,맑음,89.1,0.0
2024-10-16,대구,10.7,맑음,40.2,0.0
2024-10-16,대전,11.6,흐림,34.5,0.0
2024-10-16,부산,12.9,맑음,49.1,0.0
2024-10-16,서울,13.8,추움,79.7,0.0
2024-10-16,인천,14.5,맑음,78.0,0.0
2024-10-17,경기,11.6,추움,83.4,0.0
2024-10-17,광주,15.5,추움,59.5,0.0
2024-10-17,대구,15.4,추움,69.6,0.0
2024-10-17,대전,12.4,흐림,33.0,0.0
2024-10-17,부산,14.1,맑음,63.2,0.0
2024-10-17,서울,17.0,흐림,55.9,0.0
2024-10-17,인천,10.5,맑음,49.9,0.0
2024-10-18,경기,18.2,흐림,67.5,0.0
2024-10-18,광주,10.9,흐림,62.6,0.0
2024-10-18,대구,18.4,흐림,48.5,0.0
2024-10-18,대전,14.7,흐림,83.7,0.0
2024-10-18,부산,16.4,맑음,88.6,0.0
2024-10-18,서울,13.6,맑음,55.7,0.0
2024-10-18,인천,12.0,흐림,31.5,0.0
2024-10-19,경기,14.5,맑음,45.8,0.0
2024-10-19,광주,15.5,맑음,80.4,0.0
2024-10-19,대구,11.0,추움,70.1,0.0
2024-10-19,대전,14.1,추움,75.4,0.0
2024-10-19,부산,10.6,추움,75.1,0.0
2024-10-19,서울,13.7,맑음,52.9,0.0
2024-10-19,인천,12.6,흐림,80.2,0.0
2024-10-20,경기,15.7,흐림,44.1,0.0
2024-10-20,광주,11.7,흐림,89.1,0.0
2024-10-20,대구,18.0,추움,70.7,0.0
2024-10-20,대전,11.5,추움,87.0,0.0
2024-10-20,부산,10.3,추움,64.3,0.0
2024-10-20,서울,14.2,추움,62.1,0.0
2024-10-20,인천,10.8,흐림,84.2,0.0
2024-10-21,경기,10.8,흐림,71.0,0.0
2024-10-21,광주,19.2,흐림,30.7,0.0
2024-10-21,대구,10.9,맑음,63.4,0.0
2024-10-21,대전,13.3,추움,46.6,0.0
2024-10-21,부산,12.6,추움,84.6,0.0
2024-10-21,서울,18.1,맑음,37.6,0.0
2024-10-21,인천,20.0,맑음,67.6,0.0
2024-10-22,경기,11.1,흐림,39.0,0.0
2024-10-22,광주,14.9,추움,66.5,0.0
2024-10-22,대구,17.9,맑음,82.0,0.0
2024-10-22,대전,18.8,흐림,45.8,0.0
2024-10-22,부산,19.2,맑음,63.8,0.0
2024-10-22,서울,16.2,추움,61.4,0.0
2024-10-22,인천,15.9,추움,75.5,0.0
2024-10-23,경기,16.1,추움,71.6,0.0
2024-10-23,광주,16.8,추움,88.3,0.0
2024-10-23,대구,19.0,흐림,31.2,0.0
2024-10-23,대전,13.1,흐림,80.6,0.0
2024-10-23,부산,12.4,추움,74.7,0.0
2024-10-23,서울,11.7,맑음,54.2,0.0
2024-10-23,인천,14.0,맑음,82.7,0.0
2024-10-24,경기,17.7,흐림,49.3,0.0
2024-10-24,광주,10.7,맑음,72.6,0.0
2024-10-24,대구,17.4,흐림,75.6,0.0
2024-10-24,대전,18.2,흐림,60.9,0.0
2024-10-24,부산,14.4,맑음,84.8,0.0
2024-10-24,서울,11.3,맑음,88.5,0.0
2024-10-24,인천,14.2,추움,68.7,0.0
2024-10-25,경기,10.3,추움,41.6,0.0
2024-10-25,광주,10.3,추움,52.3,0.0
2024-10-25,대구,12.7,맑음,79.4,0.0
2024-10-25,대전,14.0,추움,85.4,0.0
2024-10-25,부산,10.5,흐림,51.6,0.0
2024-10-25,서울,11.4,흐림,81.1,0.0
2024-10-25,인천,18.4,맑음,45.0,0.0
2024-10-26,경기,15.9,흐림,51.0,0.0
2024-10-26,광주,12.1,추움,69.1,0.0
2024-10-26,대구,11.6,맑음,64.3,0.0
2024-10-26,대전,18.6,맑음,68.8,0.0
2024-10-26,부산,10.9,추움,31.6,0.0
2024-10-26,서울,14.5,추움,87.6,0.0
2024-10-26,인천,18.4,맑음,45.5,0.0
2024-10-27,경기,10.1,추움,84.7,0.0
2024-10-27,광주,14.6,흐림,43.1,0.0
2024-10-27,대구,17.1,흐림,72.6,0.0
2024-10-27,대전,14.2,흐림,52.6,0.0
2024-10-27,부산,12.5,맑음,78.3,0.0
2024-10-27,서울,10.2,추움,76.8,0.0
2024-10-27,인천,11.7,추움,78.1,0.0
2024-10-28,경기,15.8,흐림,30.4,0.0
2024-10-28,광주,12.6,흐림,72.7,0.0
2024-10-28,대구,16.8,흐림,58.9,0.0
2024-10-28,대전,19.9,흐림,68.4,0.0
2024-10-28,부산,16.5,추움,66.5,0.0
2024-10-28,서울,16.8,흐림,79.5,0.0
2024-10-28,인천,19.7,추움,80.4,0.0
2024-10-29,경기,19.0,맑음,78.3,0.0
2024-10-29,광주,18.2,추움,50.6,0.0
2024-10-29,대구,12.6,흐림,55.1,0.0
2024-10-29,대전,17.4,흐림,65.0,0.0
2024-10-29,부산,17.2,맑음,69.3,0.0
2024-10-29,서울,13.0,추움,39.0,0.0
2024-10-29,인천,14.0,추움,49.2,0.0
2024-10-30,경기,19.1,흐림,70.3,0.0
2024-10-30,광주,19.5,맑음,84.0,0.0
2024-10-30,대구,14.7,맑음,74.5,0.0
2024-10-30,대전,18.1,추움,75.8,0.0
2024-10-30,부산,18.8,추움,40.9,0.0
2024-10-30,서울,12.2,추움,62.1,0.0
2024-10-30,인천,13.0,추움,40.2,0.0
2024-10-31,경기,18.7,추움,55.2,0.0
2024-10-31,광주,18.7,맑음,52.9,0.0
2024-10-31,대구,15.8,추움,86.7,0.0
2024-10-31,대전,14.7,맑음,41.7,0.0
2024-10-31,부산,18.5,흐림,58.2,0.0
2024-10-31,서울,10.9,추움,51.3,0.0
2024-10-31,인천,13.7,흐림,65.1,0.0
2024-11-01,경기,4.4,맑음,42.0,0.0
2024-11-01,광주,3.0,맑음,46.4,0.0
2024-11-01,대구,10.8,맑음,59.3,0.0
2024-11-01,대전,12.9,흐림,48.8,0.0
2024-11-01,부산,4.4,추움,81.7,0.0
2024-11-01,서울,7.1,추움,82.3,0.0
2024-11-01,인천,12.9,추움,83.6,0.0
2024-11-02,경기,4.3,맑음,56.0,0.0
2024-11-02,광주,9.8,맑음,67.6,0.0
2024-11-02,대구,6.7,흐림,30.8,0.0
2024-11-02,대전,10.6,추움,61.9,0.0
2024-11-02,부산,3.0,추움,62.0,0.0
2024-11-02,서울,8.8,맑음,39.5,0.0
2024-11-02,인천,7.0,추움,87.9,0.0
2024-11-03,경기,4.3,추움,53.0,0.0
2024-11-03,광주,13.0,추움,59.4,0.0
2024-11-03,대구,8.2,흐림,61.4,0.0
2024-11-03,대전,11.9,추움,89.7,0.0
2024-11-03,부산,6.0,맑음,47.4,0.0
2024-11-03,서울,5.3,맑음,82.6,0.0
2024-11-03,인천,6.1,흐림,33.9,0.0
2024-11-04,경기,3.2,추움,43.5,0.0
2024-11-04,광주,8.9,맑음,32.9,0.0
2024-11-04,대구,10.9,흐림,52.5,0.0
2024-11-04,대전,5.6,흐림,62.1,0.0
2024-11-04,부산,4.7,흐림,52.0,0.0
2024-11-04,서울,4.6,맑음,84.4,0.0
2024-11-04,인천,5.1,맑음,31.3,0.0
2024-11-05,경기,4.2,흐림,56.7,0.0
2024-11-05,광주,4.4,흐림,79.8,0.0
2024-11-05,대구,6.0,맑음,69.7,0.0
2024-11-05,대전,8.2,흐림,67.4,0.0
2024-11-05,부산,5.1,맑음,71.1,0.0
2024-11-05,서울,9.5,맑음,31.2,0.0
2024-11-05,인천,8.5,맑음,58.5,0.0
2024-11-06,경기,4.1,추움,36.4,0.0
2024-11-06,광주,6.3,추움,30.2,0.0
2024-11-06,대구,6.0,추움,32.4,0.0
2024-11-06,대전,12.1,추움,71.3,0.0
2024-11-06,부산,12.7,흐림,51.5,0.0
2024-11-06,서울,8.1,맑음,67.1,0.0
2024-11-06,인천,9.1,맑음,76.7,0.0
2024-11-07,경기,9.7,흐림,38.9,0.0
2024-11-07,광주,11.7,맑음,81.1,0.0
2024-11-07,대구,7.6,맑음,88.6,0.0
2024-11-07,대전,7.6,추움,36.0,0.0
2024-11-07,부산,4.0,흐림,45.4,0.0
2024-11-07,서울,3.9,흐림,36.6,0.0
2024-11-07,인천,10.8,맑음,34.5,0.0
2024-11-08,경기,4.2,흐림,81.1,0.0
2024-11-08,광주,4.1,맑음,54.0,0.0
2024-11-08,대구,12.6,추움,46.1,0.0
2024-11-08,대전,3.9,흐림,78.9,0.0
2024-11-08,부산,4.7,흐림,51.5,0.0
2024-11-08,서울,11.0,추움,48.8,0.0
2024-11-08,인천,3.1,맑음,38.3,0.0
2024-11-09,경기,11.0,추움,68.9,0.0
2024-11-09,광주,10.8,추움,66.7,0.0
2024-11-09,대구,7.2,맑음,65.4,0.0
2024-11-09,대전,9.8,흐림,40.9,0.0
2024-11-09,부산,12.8,맑음,80.7,0.0
2024-11-09,서울,5.7,추움,53.1,0.0
2024-11-09,인천,4.1,맑음,71.8,0.0
2024-11-10,경기,7.8,맑음,59.3,0.0
2024-11-10,광주,11.7,흐림,61.1,0.0
2024-11-10,대구,8.2,흐림,74.6,0.0
2024-11-10,대전,8.7,흐림,88.7,0.0
2024-11-10,부산,6.1,흐림,72.3,0.0
2024-11-10,서울,11.8,흐림,73.6,0.0
2024-11-10,인천,7.4,추움,33.8,0.0
2024-11-11,경기,10.3,흐림,58.9,0.0
2024-11-11,광주,10.5,맑음,49.2,0.0
2024-11-11,대구,9.4,맑음,39.4,0.0
2024-11-11,대전,11.5,추움,82.2,0.0
2024-11-11,부산,11.9,흐림,66.8,0.0
2024-11-11,서울,10.0,흐림,35.7,0.0
2024-11-11,인천,9.8,흐림,53.1,0.0
2024-11-12,경기,8.5,맑음,52.7,0.0
2024-11-12,광주,3.4,추움,62.9,0.0
2024-11-12,대구,6.2,추움,88.8,0.0
2024-11-12,대전,9.5,흐림,36.2,0.0
2024-11-12,부산,7.5,흐림,81.4,0.0
2024-11-12,서울,12.7,추움,33.0,0.0
2024-11-12,인천,3.8,맑음,56.7,0.0
2024-11-13,경기,6.0,흐림,60.5,0.0
2024-11-13,광주,10.2,추움,36.8,0.0
2024-11-13,대구,11.4,맑음,49.9,0.0
2024-11-13,대전,9.0,흐림,73.0,0.0
2024-11-13,부산,6.6,추움,33.3,0.0
2024-11-13,서울,10.9,맑음,87.8,0.0
2024-11-13,인천,9.5,맑음,57.4,0.0
2024-11-14,경기,12.6,흐림,47.5,0.0
2024-11-14,광주,5.2,추움,79.5,0.0
2024-11-14,대구,10.2,흐림,36.4,0.0
2024-11-14,대전,5.0,흐림,37.2,0.0
2024-11-14,부산,7.9,맑음,79.3,0.0
2024-11-14,서울,5.2,흐림,50.5,0.0
2024-11-14,인천,6.7,흐림,36.4,0.0
2024-11-15,경기,3.5,추움,68.0,0.0
2024-11-15,광주,11.4,추움,59.0,0.0
2024-11-15,대구,4.3,흐림,59.9,0.0
2024-11-15,대전,10.4,흐림,63.2,0.0
2024-11-15,부산,7.6,추움,65.4,0.0
2024-11-15,서울,10.2,맑음,36.5,0.0
2024-11-15,인천,8.9,흐림,76.3,0.0
2024-11-16,경기,8.8,흐림,73.8,0.0
2024-11-16,광주,12.7,추움,57.2,0.0
2024-11-16,대구,7.2,추움,66.5,0.0
2024-11-16,대전,10.6,흐림,46.4,0.0
2024-11-16,부산,11.8,흐림,60.2,0.0
2024-11-16,서울,10.8,흐림,84.6,0.0
2024-11-16,인천,4.0,맑음,69.5,0.0
2024-11-17,경기,8.1,흐림,80.6,0.0
2024-11-17,광주,8.0,맑음,71.7,0.0
2024-11-17,대구,10.1,흐림,71.2,0.0
2024-11-17,대전,4.3,흐림,72.6,0.0
2024-11-17,부산,9.3,흐림,42.1,0.0
2024-11-17,서울,4.4,맑음,66.2,0.0
2024-11-17,인천,11.6,흐림,72.7,0.0
2024-11-18,경기,7.8,흐림,64.2,0.0
2024-11-18,광주,10.5,추움,39.7,0.0
2024-11-18,대구,8.2,맑음,31.5,0.0
2024-11-18,대전,3.5,맑음,33.4,0.0
2024-11-18,부산,5.9,흐림,80.8,0.0
2024-11-18,서울,10.1,추움,75.6,0.0
2024-11-18,인천,10.1,흐림,70.5,0.0
2024-11-19,경기,9.9,맑음,47.7,0.0
2024-11-19,광주,5.9,흐림,69.9,0.0
2024-11-19,대구,11.6,흐림,74.5,0.0
2024-11-19,대전,6.9,흐림,60.7,0.0
2024-11-19,부산,9.2,맑음,70.5,0.0
2024-11-19,서울,9.8,추움,38.8,0.0
2024-11-19,인천,3.3,흐림,78.8,0.0
2024-11-20,경기,6.1,흐림,63.1,0.0
2024-11-20,광주,12.6,흐림,47.7,0.0
2024-11-20,대구,10.1,흐림,52.1,0.0
2024-11-20,대전,8.5,흐림,66.2,0.0
2024-11-20,부산,11.3,추움,84.7,0.0
2024-11-20,서울,6.9,추움,87.4,0.0
2024-11-20,인천,10.4,맑음,42.2,0.0
2024-11-21,경기,10.4,맑음,37.2,0.0
2024-11-21,광주,3.5,흐림,85.9,0.0
2024-11-21,대구,6.3,맑음,72.6,0.0
2024-11-21,대전,3.4,맑음,85.7,0.0
2024-11-21,부산,4.6,맑음,80.8,0.0
2024-11-21,서울,12.8,맑음,34.5,0.0
2024-11-21,인천,7.3,맑음,63.4,0.0
2024-11-22,경기,8.5,흐림,34.4,0.0
2024-11-22,광주,6.3,흐림,51.6,0.0
2024-11-22,대구,7.2,맑음,62.2,0.0
2024-11-22,대전,6.5,맑음,83.0,0.0
2024-11-22,부산,8.2,맑음,77.2,0.0
2024-11-22,서울,11.4,흐림,48.1,0.0
2024-11-22,인천,6.2,흐림,43.2,0.0
2024-11-23,경기,13.0,추움,79.4,0.0
2024-11-23,광주,6.9,맑음,62.4,0.0
2024-11-23,대구,5.4,흐림,32.4,0.0
2024-11-23,대전,6.8,추움,77.8,0.0
2024-11-23,부산,5.4,추움,68.5,0.0
2024-11-23,서울,12.5,맑음,67.1,0.0
2024-11-23,인천,3.1,흐림,70.1,0.0
2024-11-24,경기,8.1,추움,60.5,0.0
2024-11-24,광주,9.7,맑음,76.4,0.0
2024-11-24,대구,4.7,맑음,87.4,0.0
2024-11-24,대전,8.3,흐림,67.6,0.0
2024-11-24,부산,6.2,맑음,34.9,0.0
2024-11-24,서울,3.2,추움,61.0,0.0
2024-11-24,인천,3.4,추움,83.9,0.0
2024-11-25,경기,11.3,흐림,82.7,0.0
2024-11-25,광주,3.7,흐림,79.3,0.0
2024-11-25,대구,10.2,추움,32.3,0.0
2024-11-25,대전,3.5,맑음,77.7,0.0
2024-11-25,부산,10.5,맑음,39.2,0.0
2024-11-25,서울,7.2,흐림,36.2,0.0
2024-11-25,인천,10.8,흐림,68.8,0.0
2024-11-26,경기,7.3,추움,31.0,0.0
2024-11-26,광주,6.0,흐림,35.2,0.0
2024-11-26,대구,3.5,흐림,80.9,0.0
2024-11-26,대전,12.3,추움,36.4,0.0
2024-11-26,부산,9.2,흐림,75.4,0.0
2024-11-26,서울,7.1,추움,57.1,0.0
2024-11-26,인천,4.2,흐림,30.4,0.0
2024-11-27,경기,7.7,맑음,62.0,0.0
2024-11-27,광주,8.5,맑음,63.3,0.0
2024-11-27,대구,9.8,추움,84.9,0.0
2024-11-27,대전,9.5,흐림,87.4,0.0
2024-11-27,부산,5.9,흐림,68.0,0.0
2024-11-27,서울,6.8,추움,79.3,0.0
2024-11-27,인천,10.5,맑음,77.8,0.0
2024-11-28,경기,8.4,추움,86.8,0.0
2024-11-28,광주,4.1,맑음,70.3,0.0
2024-11-28,대구,11.5,흐림,38.5,0.0
2024-11-28,대전,5.2,맑음,80.1,0.0
2024-11-28,부산,6.4,흐림,54.8,0.0
2024-11-28,서울,3.4,맑음,64.4,0.0
2024-11-28,인천,5.1,추움,74.5,0.0
2024-11-29,경기,7.6,흐림,63.0,0.0
2024-11-29,광주,6.2,맑음,57.0,0.0
2024-11-29,대구,6.6,추움,70.3,0.0
2024-11-29,대전,4.0,맑음,67.2,0.0
2024-11-29,부산,10.3,맑음,59.2,0.0
2024-11-29,서울,11.5,흐림,81.1,0.0
2024-11-29,인천,9.7,추움,45.0,0.0
2024-11-30,경기,8.7,맑음,51.9,0.0
2024-11-30,광주,7.6,추움,51.5,0.0
2024-11-30,대구,9.4,흐림,46.6,0.0
2024-11-30,대전,4.3,추움,74.0,0.0
2024-11-30,부산,5.5,추움,43.3,0.0
2024-11-30,서울,9.6,흐림,71.6,0.0
2024-11-30,인천,12.6,추움,40.1,0.0
2024-12-01,경기,5.4,맑음,81.5,0.0
2024-12-01,광주,3.5,흐림,38.9,0.0
2024-12-01,대구,5.1,맑음,64.7,0.0
2024-12-01,대전,6.1,추움,63.1,0.0
2024-12-01,부산,4.3,맑음,83.5,0.0
2024-12-01,서울,1.9,눈,36.5,19.4
2024-12-01,인천,5.9,추움,41.8,0.0
2024-12-02,경기,-1.7,눈,60.1,2.7
2024-12-02,광주,-2.6,눈,75.7,7.0
2024-12-02,대구,-1.2,추움,86.9,0.0
2024-12-02,대전,4.4,추움,59.0,0.0
2024-12-02,부산,4.6,추움,38.4,0.0
2024-12-02,서울,-0.8,흐림,76.3,0.0
2024-12-02,인천,2.0,눈,69.8,25.4
2024-12-03,경기,0.9,눈,85.1,26.4
2024-12-03,광주,2.2,추움,51.2,0.0
2024-12-03,대구,0.8,추움,52.7,0.0
2024-12-03,대전,2.2,맑음,52.6,0.0
2024-12-03,부산,5.3,눈,45.8,16.3
2024-12-03,서울,0.7,눈,32.6,6.2
2024-12-03,인천,6.8,맑음,49.4,0.0
2024-12-04,경기,1.4,추움,43.8,0.0
2024-12-04,광주,-2.8,흐림,32.6,0.0
2024-12-04,대구,4.2,눈,58.9,14.4
2024-12-04,대전,2.9,추움,68.8,0.0
2024-12-04,부산,3.6,맑음,54.9,0.0
2024-12-04,서울,1.9,눈,58.9,18.1
2024-12-04,인천,-0.9,눈,41.2,10.9
2024-12-05,경기,-2.4,추움,45.5,0.0
2024-12-05,광주,3.0,흐림,77.7,0.0
2024-12-05,대구,6.5,눈,43.0,18.2
2024-12-05,대전,5.7,흐림,40.2,0.0
2024-12-05,부산,5.8,맑음,73.7,0.0
2024-12-05,서울,-1.7,추움,60.8,0.0
2024-12-05,인천,2.2,추움,54.3,0.0
2024-12-06,경기,4.2,추움,50.6,0.0
2024-12-06,광주,1.8,추움,66.9,0.0
2024-12-06,대구,2.2,추움,84.6,0.0
2024-12-06,대전,5.3,흐림,66.3,0.0
2024-12-06,부산,0.9,흐림,36.5,0.0
2024-12-06,서울,3.2,추움,60.6,0.0
2024-12-06,인천,3.0,흐림,34.1,0.0
2024-12-07,경기,-2.1,맑음,69.6,0.0
2024-12-07,광주,1.3,맑음,45.3,0.0
2024-12-07,대구,4.0,맑음,55.7,0.0
2024-12-07,대전,4.9,흐림,52.9,0.0
2024-12-07,부산,2.2,흐림,52.2,0.0
2024-12-07,서울,5.8,맑음,61.9,0.0
2024-12-07,인천,6.0,맑음,76.5,0.0
2024-12-08,경기,-0.4,흐림,30.3,0.0
2024-12-08,광주,6.9,눈,53.8,6.1
2024-12-08,대구,1.1,눈,36.4,12.8
2024-12-08,대전,-0.4,눈,62.2,16.9
2024-12-08,부산,0.8,맑음,42.3,0.0
2024-12-08,서울,6.1,추움,35.0,0.0
2024-12-08,인천,2.8,맑음,37.1,0.0
2024-12-09,경기,-0.5,흐림,48.4,0.0
2024-12-09,광주,-1.4,맑음,87.9,0.0
2024-12-09,대구,-2.0,추움,60.5,0.0
2024-12-09,대전,5.0,눈,66.8,20.5
2024-12-09,부산,4.5,맑음,56.8,0.0
2024-12-09,서울,-1.2,흐림,63.5,0.0
2024-12-09,인천,4.7,눈,53.9,4.1
2024-12-10,경기,6.3,흐림,56.1,0.0
2024-12-10,광주,1.4,흐림,42.1,0.0
2024-12-10,대구,3.1,흐림,61.3,0.0
2024-12-10,대전,6.5,맑음,79.2,0.0
2024-12-10,부산,4.2,맑음,85.8,0.0
2024-12-10,서울,5.0,맑음,79.4,0.0
2024-12-10,인천,-0.4,맑음,52.3,0.0
2024-12-11,경기,3.2,추움,70.4,0.0
2024-12-11,광주,0.5,눈,78.9,6.8
2024-12-11,대구,2.2,추움,74.2,0.0
2024-12-11,대전,6.2,맑음,63.0,0.0
2024-12-11,부산,4.8,눈,51.2,11.9
2024-12-11,서울,-1.1,눈,77.0,15.3
2024-12-11,인천,-0.6,눈,30.0,4.7
2024-12-12,경기,-0.4,맑음,54.4,0.0
2024-12-12,광주,3.8,흐림,83.8,0.0
2024-12-12,대구,3.9,눈,88.0,16.9
2024-12-12,대전,4.6,추움,87.7,0.0
2024-12-12,부산,6.5,눈,78.2,28.7
2024-12-12,서울,1.5,추움,54.2,0.0
2024-12-12,인천,2.6,맑음,60.2,0.0
2024-12-13,경기,3.3,흐림,89.7,0.0
2024-12-13,광주,-0.8,눈,64.4,5.5
2024-12-13,대구,-0.1,추움,53.9,0.0
2024-12-13,대전,-2.2,눈,85.9,14.3
2024-12-13,부산,2.2,눈,30.6,25.0
2024-12-13,서울,1.8,맑음,45.5,0.0
2024-12-13,인천,5.0,추움,54.7,0.0
2024-12-14,경기,5.7,추움,42.4,0.0
2024-12-14,광주,1.9,눈,89.1,26.9
2024-12-14,대구,3.1,흐림,75.9,0.0
2024-12-14,대전,5.5,맑음,52.3,0.0
2024-12-14,부산,-1.4,눈,36.4,27.6
2024-12-14,서울,2.0,추움,42.0,0.0
2024-12-14,인천,5.3,추움,80.2,0.0
2024-12-15,경기,1.0,눈,75.0,3.8
2024-12-15,광주,0.3,맑음,66.8,0.0
2024-12-15,대구,4.0,맑음,57.6,0.0
2024-12-15,대전,-2.9,맑음,42.6,0.0
2024-12-15,부산,0.9,눈,71.2,5.2
2024-12-15,서울,1.9,눈,89.1,27.5
2024-12-15,인천,1.8,흐림,62.4,0.0
2024-12-16,경기,0.7,눈,59.9,6.3
2024-12-16,광주,1.7,추움,30.6,0.0
2024-12-16,대구,4.2,맑음,78.2,0.0
2024-12-16,대전,5.6,흐림,41.8,0.0
2024-12-16,부산,6.8,추움,71.2,0.0
2024-12-16,서울,-1.1,눈,45.8,8.1
2024-12-16,인천,0.7,눈,54.0,13.5
2024-12-17,경기,4.9,눈,48.0,16.9
2024-12-17,광주,-2.8,눈,37.3,26.0
2024-12-17,대구,1.5,맑음,50.1,0.0
2024-12-17,대전,0.6,눈,63.4,24.3
2024-12-17,부산,-0.8,맑음,45.3,0.0
2024-12-17,서울,2.0,흐림,89.7,0.0
2024-12-17,인천,1.0,맑음,71.4,0.0
2024-12-18,경기,6.8,추움,47.1,0.0
2024-12-18,광주,-2.2,맑음,50.6,0.0
2024-12-18,대구,5.7,추움,68.4,0.0
2024-12-18,대전,1.2,눈,66.7,12.1
2024-12-18,부산,0.8,맑음,47.2,0.0
2024-12-18,서울,2.8,추움,69.0,0.0
2024-12-18,인천,3.7,눈,59.2,22.1
2024-12-19,경기,-0.3,흐림,56.7,0.0
2024-12-19,광주,-2.4,맑음,82.7,0.0
2024-12-19,대구,3.6,추움,86.4,0.0
2024-12-19,대전,-0.9,맑음,53.8,0.0
2024-12-19,부산,-1.2,추움,31.4,0.0
2024-12-19,서울,0.2,눈,47.5,8.0
2024-12-19,인천,4.5,눈,61.3,13.5
2024-12-20,경기,-2.0,맑음,67.1,0.0
2024-12-20,광주,5.6,눈,58.0,26.1
2024-12-20,대구,-1.7,추움,80.3,0.0
2024-12-20,대전,-2.6,맑음,51.4,0.0
2024-12-20,부산,-0.7,눈,74.3,13.3
2024-12-20,서울,-2.7,맑음,53.8,0.0
2024-12-20,인천,3.5,맑음,83.1,0.0
2024-12-21,경기,2.9,추움,57.4,0.0
2024-12-21,광주,0.4,추움,58.2,0.0
2024-12-21,대구,1.4,맑음,51.9,0.0
2024-12-21,대전,-1.4,눈,30.6,15.7
2024-12-21,부산,6.1,눈,58.9,6.8
2024-12-21,서울,2.5,눈,38.1,28.5
2024-12-21,인천,2.2,흐림,68.4,0.0
2024-12-22,경기,0.0,흐림,76.0,0.0
2024-12-22,광주,1.2,맑음,44.4,0.0
2024-12-22,대구,-0.5,흐림,72.9,0.0
2024-12-22,대전,5.3,흐림,43.2,0.0
2024-12-22,부산,1.1,추움,63.6,0.0
2024-12-22,서울,3.9,맑음,59.5,0.0
2024-12-22,인천,3.0,눈,77.8,16.4
2024-12-23,경기,-1.1,흐림,34.1,0.0
2024-12-23,광주,-1.7,눈,56.3,0.2
2024-12-23,대구,0.2,추움,39.1,0.0
2024-12-23,대전,-1.1,맑음,36.1,0.0
2024-12-23,부산,-0.3,흐림,67.4,0.0
2024-12-23,서울,-0.2,눈,74.6,24.3
2024-12-23,인천,-0.1,추움,68.2,0.0
2024-12-24,경기,1.2,눈,77.1,15.0
2024-12-24,광주,0.8,추움,88.5,0.0
2024-12-24,대구,2.4,맑음,40.9,0.0
2024-12-24,대전,5.2,눈,79.7,3.7
2024-12-24,부산,-2.4,추움,76.5,0.0
2024-12-24,서울,-1.5,맑음,59.6,0.0
2024-12-24,인천,1.6,눈,77.5,9.9
2024-12-25,경기,4.4,흐림,35.6,0.0
2024-12-25,광주,6.7,추움,44.2,0.0
2024-12-25,대구,-0.5,맑음,68.3,0.0
2024-12-25,대전,0.6,추움,33.1,0.0
2024-12-25,부산,6.4,눈,39.5,21.8
2024-12-25,서울,4.4,추움,32.0,0.0
2024-12-25,인천,1.7,추움,70.9,0.0
2024-12-26,경기,2.8,눈,53.7,7.3
2024-12-26,광주,0.6,맑음,39.2,0.0
2024-12-26,대구,2.0,추움,71.2,0.0
2024-12-26,대전,6.3,눈,89.8,18.8
2024-12-26,부산,0.7,추움,35.4,0.0
2024-12-26,서울,0.2,흐림,40.0,0.0
2024-12-26,인천,2.8,맑음,71.4,0.0
2024-12-27,경기,5.1,눈,56.3,5.8
2024-12-27,광주,-2.3,추움,39.3,0.0
2024-12-27,대구,2.4,눈,59.4,17.0
2024-12-27,대전,0.2,눈,58.1,26.0
2024-12-27,부산,1.9,맑음,56.3,0.0
2024-12-27,서울,-1.7,맑음,44.0,0.0
2024-12-27,인천,0.6,흐림,38.1,0.0
2024-12-28,경기,4.3,흐림,83.0,0.0
2024-12-28,광주,-1.2,추움,31.9,0.0
2024-12-28,대구,3.1,추움,49.4,0.0
2024-12-28,대전,-1.9,눈,61.4,2.0
2024-12-28,부산,-1.1,흐림,71.0,0.0
2024-12-28,서울,5.2,눈,62.5,13.6
2024-12-28,인천,4.8,눈,44.3,21.6
2024-12-29,경기,3.6,흐림,61.5,0.0
2024-12-29,광주,5.2,흐림,77.7,0.0
2024-12-29,대구,6.3,흐림,79.9,0.0
2024-12-29,대전,5.0,흐림,33.6,0.0
2024-12-29,부산,6.3,맑음,42.5,0.0
2024-12-29,서울,1.9,맑음,35.9,0.0
2024-12-29,인천,-2.5,눈,43.2,21.5
2024-12-30,경기,4.3,맑음,80.1,0.0
2024-12-30,광주,4.5,흐림,76.0,0.0
2024-12-30,대구,-1.1,흐림,61.6,0.0
2024-12-30,대전,2.7,추움,86.9,0.0
2024-12-30,부산,-2.0,맑음,43.9,0.0
2024-12-30,서울,5.2,맑음,45.9,0.0
2024-12-30,인천,6.4,맑음,87.6,0.0
2024-12-31,경기,-1.3,맑음,40.8,0.0
2024-12-31,광주,0.6,눈,57.1,28.8
2024-12-31,대구,5.4,눈,54.7,19.0
2024-12-31,대전,3.1,눈,63.8,6.4
2024-12-31,부산,6.3,흐림,84.1,0.0
2024-12-31,서울,3.7,눈,72.2,12.8
2024-12-31,인천,2.0,흐림,69.5,0.0
2025-01-01,경기,0.2,맑음,89.6,0.0
2025-01-01,광주,-3.6,추움,52.0,0.0
2025-01-01,대구,4.2,눈,60.7,17.1
2025-01-01,대전,-4.1,추움,57.6,0.0
2025-01-01,부산,-4.8,눈,79.3,20.7
2025-01-01,서울,2.3,맑음,89.0,0.0
2025-01-01,인천,-4.9,눈,89.1,6.4
2025-01-02,경기,0.7,맑음,64.1,0.0
2025-01-02,광주,-1.5,눈,79.0,12.5
2025-01-02,대구,1.0,맑음,48.0,0.0
2025-01-02,대전,-4.2,흐림,33.4,0.0
2025-01-02,부산,-3.3,흐림,79.5,0.0
2025-01-02,서울,-2.7,추움,78.7,0.0
2025-01-02,인천,2.3,추움,73.4,0.0
2025-01-03,경기,1.3,맑음,67.9,0.0
2025-01-03,광주,-2.8,맑음,47.4,0.0
2025-01-03,대구,-4.5,추움,73.9,0.0
2025-01-03,대전,4.7,흐림,75.2,0.0
2025-01-03,부산,-1.7,추움,71.9,0.0
2025-01-03,서울,3.7,맑음,43.6,0.0
2025-01-03,인천,-2.0,맑음,32.5,0.0
2025-01-04,경기,0.7,흐림,33.0,0.0
2025-01-04,광주,-2.6,추움,46.0,0.0
2025-01-04,대구,-0.2,추움,41.9,0.0
2025-01-04,대전,1.5,흐림,41.8,0.0
2025-01-04,부산,2.7,흐림,37.8,0.0
2025-01-04,서울,-3.5,흐림,50.2,0.0
2025-01-04,인천,-2.4,흐림,53.9,0.0
2025-01-05,경기,-3.9,맑음,54.8,0.0
2025-01-05,광주,-3.0,추움,52.4,0.0
2025-01-05,대구,1.2,눈,89.4,13.3
2025-01-05,대전,-0.6,추움,85.5,0.0
2025-01-05,부산,2.7,맑음,40.2,0.0
2025-01-05,서울,-1.8,흐림,85.4,0.0
2025-01-05,인천,-1.5,눈,49.2,17.8
2025-01-06,경기,3.7,추움,79.2,0.0
2025-01-06,광주,-1.2,맑음,84.4,0.0
2025-01-06,대구,-3.0,추움,61.4,0.0
2025-01-06,대전,0.5,눈,67.4,29.8
2025-01-06,부산,-0.5,눈,31.4,6.3
2025-01-06,서울,-3.9,맑음,33.3,0.0
2025-01-06,인천,-1.6,맑음,78.3,0.0
2025-01-07,경기,2.9,추움,67.1,0.0
2025-01-07,광주,4.0,맑음,59.1,0.0
2025-01-07,대구,3.6,눈,31.1,26.0
2025-01-07,대전,-2.7,흐림,52.8,0.0
2025-01-07,부산,-1.1,맑음,46.3,0.0
2025-01-07,서울,-2.4,맑음,33.6,0.0
2025-01-07,인천,-0.4,맑음,86.7,0.0
2025-01-08,경기,0.6,흐림,72.7,0.0
2025-01-08,광주,4.4,맑음,86.9,0.0
2025-01-08,대구,-1.4,눈,48.1,29.9
2025-01-08,대전,3.1,눈,67.5,26.4
2025-01-08,부산,-0.1,눈,74.7,0.6
2025-01-08,서울,-3.1,맑음,60.0,0.0
2025-01-08,인천,-2.5,맑음,61.8,0.0
2025-01-09,경기,-4.1,추움,52.9,0.0
2025-01-09,광주,-0.7,추움,84.5,0.0
2025-01-09,대구,-0.5,눈,37.9,19.6
2025-01-09,대전,3.6,추움,48.5,0.0
2025-01-09,부산,4.7,흐림,84.6,0.0
2025-01-09,서울,-3.5,추움,83.8,0.0
2025-01-09,인천,-0.8,추움,64.4,0.0
2025-01-10,경기,-1.8,추움,63.4,0.0
2025-01-10,광주,2.6,맑음,66.7,0.0
2025-01-10,대구,4.6,흐림,48.2,0.0
2025-01-10,대전,-3.5,눈,41.3,3.9
2025-01-10,부산,2.3,추움,75.9,0.0
2025-01-10,서울,1.6,추움,63.9,0.0
2025-01-10,인천,-3.2,맑음,80.4,0.0
2025-01-11,경기,1.9,추움,51.6,0.0
2025-01-11,광주,4.3,맑음,87.0,0.0
2025-01-11,대구,-0.1,흐림,38.3,0.0
2025-01-11,대전,-2.7,추움,54.5,0.0
2025-01-11,부산,2.1,흐림,52.4,0.0
2025-01-11,서울,1.1,눈,66.7,17.9
2025-01-11,인천,-3.7,흐림,80.8,0.0
2025-01-12,경기,-4.3,추움,85.6,0.0
2025-01-12,광주,0.2,맑음,57.1,0.0
2025-01-12,대구,1.1,맑음,79.5,0.0
2025-01-12,대전,-1.1,눈,86.3,17.2
2025-01-12,부산,3.7,눈,83.3,12.8
2025-01-12,서울,2.4,추움,89.3,0.0
2025-01-12,인천,3.7,흐림,59.4,0.0
2025-01-13,경기,4.8,흐림,32.4,0.0
2025-01-13,광주,-0.4,추움,68.8,0.0
2025-01-13,대구,2.7,눈,47.2,5.0
2025-01-13,대전,1.1,눈,33.3,15.5
2025-01-13,부산,-3.1,맑음,56.4,0.0
2025-01-13,서울,3.8,맑음,44.7,0.0
2025-01-13,인천,0.2,흐림,67.8,0.0
2025-01-14,경기,-1.1,추움,49.4,0.0
2025-01-14,광주,-4.1,눈,72.4,21.8
2025-01-14,대구,1.9,눈,84.4,23.9
2025-01-14,대전,-4.1,맑음,72.4,0.0
2025-01-14,부산,3.8,추움,35.4,0.0
2025-01-14,서울,2.2,맑음,36.8,0.0
2025-01-14,인천,-3.2,맑음,65.4,0.0
2025-01-15,경기,4.1,추움,63.9,0.0
2025-01-15,광주,-4.9,눈,59.9,15.0
2025-01-15,대구,-2.1,흐림,40.8,0.0
2025-01-15,대전,4.6,추움,30.2,0.0
2025-01-15,부산,-0.8,맑음,48.6,0.0
2025-01-15,서울,-1.2,추움,52.8,0.0
2025-01-15,인천,-3.4,추움,38.7,0.0
2025-01-16,경기,0.9,추움,58.5,0.0
2025-01-16,광주,-1.7,눈,35.3,3.3
2025-01-16,대구,-4.5,추움,38.9,0.0
2025-01-16,대전,-4.6,눈,81.2,20.0
2025-01-16,부산,-2.6,맑음,62.8,0.0
2025-01-16,서울,1.1,맑음,59.6,0.0
2025-01-16,인천,-0.6,흐림,66.1,0.0
2025-01-17,경기,4.7,추움,75.0,0.0
2025-01-17,광주,1.1,추움,36.6,0.0
2025-01-17,대구,-2.1,맑음,38.1,0.0
2025-01-17,대전,-1.7,눈,54.8,6.3
2025-01-17,부산,4.0,눈,79.2,22.8
2025-01-17,서울,-3.4,추움,47.1,0.0
2025-01-17,인천,4.3,눈,35.6,9.0
2025-01-18,경기,-0.7,눈,80.9,7.8
2025-01-18,광주,2.4,맑음,42.4,0.0
2025-01-18,대구,2.1,추움,88.8,0.0
2025-01-18,대전,-3.8,맑음,57.9,0.0
2025-01-18,부산,-0.1,흐림,40.8,0.0
2025-01-18,서울,-0.2,맑음,71.3,0.0
2025-01-18,인천,4.3,눈,66.9,14.9
2025-01-19,경기,-4.9,추움,42.1,0.0
2025-01-19,광주,4.2,눈,58.7,14.2
2025-01-19,대구,2.2,흐림,67.0,0.0
2025-01-19,대전,3.3,맑음,41.6,0.0
2025-01-19,부산,2.7,눈,36.8,10.0
2025-01-19,서울,-0.9,흐림,50.0,0.0
2025-01-19,인천,-2.5,눈,34.1,9.0
2025-01-20,경기,3.9,흐림,62.2,0.0
2025-01-20,광주,-2.2,추움,31.9,0.0
2025-01-20,대구,0.6,눈,31.1,17.3
2025-01-20,대전,3.0,눈,83.3,10.6
2025-01-20,부산,3.4,맑음,48.0,0.0
2025-01-20,서울,1.5,맑음,58.9,0.0
2025-01-20,인천,-0.4,눈,78.8,27.8
2025-01-21,경기,-3.1,흐림,37.0,0.0
2025-01-21,광주,4.1,추움,56.6,0.0
2025-01-21,대구,-0.5,눈,87.0,6.5
2025-01-21,대전,-3.2,눈,52.5,1.1
2025-01-21,부산,-4.1,흐림,82.6,0.0
2025-01-21,서울,1.3,흐림,80.5,0.0
2025-01-21,인천,2.1,눈,48.9,0.9
2025-01-22,경기,-3.1,추움,85.4,0.0
2025-01-22,광주,-1.7,맑음,83.4,0.0
2025-01-22,대구,2.1,흐림,61.3,0.0
2025-01-22,대전,-1.9,맑음,32.6,0.0
2025-01-22,부산,-2.9,추움,32.2,0.0
2025-01-22,서울,3.0,맑음,84.3,0.0
2025-01-22,인천,2.8,눈,38.6,26.2
2025-01-23,경기,-4.8,눈,75.5,19.2
2025-01-23,광주,-2.3,눈,86.6,24.1
2025-01-23,대구,-3.5,눈,46.4,0.5
2025-01-23,대전,-2.9,맑음,51.0,0.0
2025-01-23,부산,0.3,눈,76.4,20.1
2025-01-23,서울,0.2,맑음,69.5,0.0
2025-01-23,인천,-1.8,추움,41.6,0.0
2025-01-24,경기,0.4,눈,33.0,0.9
2025-01-24,광주,4.7,맑음,75.3,0.0
2025-01-24,대구,1.2,흐림,48.7,0.0
2025-01-24,대전,2.1,추움,70.3,0.0
2025-01-24,부산,-1.1,흐림,72.3,0.0
2025-01-24,서울,-3.3,추움,48.7,0.0
2025-01-24,인천,-3.9,맑음,33.2,0.0
2025-01-25,경기,-4.0,흐림,48.6,0.0
2025-01-25,광주,-0.2,눈,80.7,8.5
2025-01-25,대구,-1.1,눈,72.0,20.0
2025-01-25,대전,-0.5,눈,31.8,14.3
2025-01-25,부산,3.6,추움,67.0,0.0
2025-01-25,서울,0.7,흐림,35.6,0.0
2025-01-25,인천,-0.3,흐림,86.8,0.0
2025-01-26,경기,-1.7,맑음,69.0,0.0
2025-01-26,광주,0.4,눈,44.2,19.9
2025-01-26,대구,-4.3,흐림,42.5,0.0
2025-01-26,대전,2.8,흐림,56.1,0.0
2025-01-26,부산,0.5,추움,88.4,0.0
2025-01-26,서울,1.0,눈,37.6,3.1
2025-01-26,인천,0.3,눈,54.0,12.4
2025-01-27,경기,-3.9,흐림,65.8,0.0
2025-01-27,광주,2.6,맑음,69.7,0.0
2025-01-27,대구,-1.7,흐림,68.7,0.0
2025-01-27,대전,-4.1,맑음,79.0,0.0
2025-01-27,부산,-4.3,흐림,36.5,0.0
2025-01-27,서울,2.4,맑음,72.7,0.0
2025-01-27,인천,0.6,눈,79.3,5.3
2025-01-28,경기,-3.0,흐림,70.9,0.0
2025-01-28,광주,-1.3,맑음,62.9,0.0
2025-01-28,대구,0.8,맑음,66.7,0.0
2025-01-28,대전,3.5,흐림,81.2,0.0
2025-01-28,부산,2.2,흐림,84.9,0.0
2025-01-28,서울,0.3,흐림,53.4,0.0
2025-01-28,인천,-2.0,눈,77.7,20.4
2025-01-29,경기,-3.9,눈,46.9,0.9
2025-01-29,광주,3.4,눈,39.3,29.9
2025-01-29,대구,1.6,추움,58.5,0.0
2025-01-29,대전,0.6,추움,80.6,0.0
2025-01-29,부산,2.1,눈,54.4,13.1
2025-01-29,서울,-5.0,맑음,63.6,0.0
2025-01-29,인천,2.0,흐림,53.7,0.0
2025-01-30,경기,-3.6,맑음,83.1,0.0
2025-01-30,광주,0.5,흐림,57.0,0.0
2025-01-30,대구,3.9,흐림,71.7,0.0
2025-01-30,대전,1.2,흐림,57.3,0.0
2025-01-30,부산,1.4,추움,55.0,0.0
2025-01-30,서울,-3.7,추움,34.3,0.0
2025-01-30,인천,4.7,흐림,38.1,0.0
2025-01-31,경기,3.5,흐림,44.2,0.0
2025-01-31,광주,-0.4,눈,34.7,26.7
2025-01-31,대구,0.8,맑음,87.7,0.0
2025-01-31,대전,-3.6,맑음,73.9,0.0
2025-01-31,부산,0.7,맑음,72.3,0.0
2025-01-31,서울,-2.7,눈,55.5,0.2
2025-01-31,인천,-0.9,눈,62.8,11.0
2025-02-01,경기,4.5,맑음,62.4,0.0
2025-02-01,광주,4.6,맑음,65.9,0.0
2025-02-01,대구,3.3,흐림,49.9,0.0
2025-02-01,대전,7.6,눈,77.9,8.7
2025-02-01,부산,2.2,맑음,60.8,0.0
2025-02-01,서울,-0.3,맑음,67.8,0.0
2025-02-01,인천,3.7,눈,84.2,16.1
2025-02-02,경기,3.4,흐림,64.4,0.0
2025-02-02,광주,4.3,추움,52.2,0.0
2025-02-02,대구,-0.2,눈,66.9,8.3
2025-02-02,대전,-2.8,눈,36.7,5.2
2025-02-02,부산,-1.6,맑음,34.6,0.0
2025-02-02,서울,5.0,눈,63.8,1.8
2025-02-02,인천,5.9,눈,67.5,8.6
2025-02-03,경기,-1.0,흐림,61.6,0.0
2025-02-03,광주,-0.7,추움,74.1,0.0
2025-02-03,대구,5.3,흐림,54.8,0.0
2025-02-03,대전,-0.4,흐림,56.4,0.0
2025-02-03,부산,3.6,추움,79.3,0.0
2025-02-03,서울,-0.1,추움,72.0,0.0
2025-02-03,인천,0.8,맑음,35.1,0.0
2025-02-04,경기,-1.2,맑음,53.9,0.0
2025-02-04,광주,1.2,흐림,48.9,0.0
2025-02-04,대구,-0.1,흐림,61.8,0.0
2025-02-04,대전,-2.9,흐림,85.6,0.0
2025-02-04,부산,1.2,추움,72.3,0.0
2025-02-04,서울,-2.4,눈,45.9,24.6
2025-02-04,인천,2.2,눈,86.9,27.7
2025-02-05,경기,7.5,눈,55.9,27.5
2025-02-05,광주,0.4,추움,30.6,0.0
2025-02-05,대구,5.1,추움,65.3,0.0
2025-02-05,대전,2.7,추움,70.7,0.0
2025-02-05,부산,2.1,흐림,70.5,0.0
2025-02-05,서울,-1.9,맑음,61.9,0.0
2025-02-05,인천,0.7,눈,46.0,2.9
2025-02-06,경기,2.8,맑음,71.1,0.0
2025-02-06,광주,4.2,흐림,84.0,0.0
2025-02-06,대구,7.5,추움,68.3,0.0
2025-02-06,대전,-2.0,맑음,66.3,0.0
2025-02-06,부산,3.8,맑음,33.4,0.0
2025-02-06,서울,6.1,맑음,30.7,0.0
2025-02-06,인천,-0.6,눈,47.0,5.8
2025-02-07,경기,0.2,눈,69.6,2.3
2025-02-07,광주,-0.2,맑음,78.8,0.0
2025-02-07,대구,-0.2,눈,76.8,8.3
2025-02-07,대전,1.2,맑음,50.0,0.0
2025-02-07,부산,4.6,흐림,70.1,0.0
2025-02-07,서울,6.9,추움,71.7,0.0
2025-02-07,인천,7.1,흐림,46.6,0.0
2025-02-08,경기,3.7,추움,40.7,0.0
2025-02-08,광주,-2.8,흐림,59.9,0.0
2025-02-08,대구,4.9,흐림,36.2,0.0
2025-02-08,대전,-2.2,맑음,73.7,0.0
2025-02-08,부산,-0.6,흐림,68.6,0.0
2025-02-08,서울,1.8,추움,59.5,0.0
2025-02-08,인천,-1.8,흐림,62.4,0.0
2025-02-09,경기,-1.3,눈,49.8,11.7
2025-02-09,광주,0.7,눈,48.2,1.7
2025-02-09,대구,2.9,맑음,30.2,0.0
2025-02-09,대전,-1.7,흐림,62.1,0.0
2025-02-09,부산,2.3,흐림,54.2,0.0
2025-02-09,서울,7.3,맑음,69.9,0.0
2025-02-09,인천,2.7,맑음,86.4,0.0
2025-02-10,경기,-2.1,눈,57.6,23.0
2025-02-10,광주,-1.5,추움,41.6,0.0
2025-02-10,대구,6.9,흐림,67.8,0.0
2025-02-10,대전,2.4,눈,83.1,13.1
2025-02-10,부산,4.3,흐림,47.9,0.0
2025-02-10,서울,1.0,맑음,81.2,0.0
2025-02-10,인천,-1.1,추움,32.4,0.0
2025-02-11,경기,2.5,눈,87.9,24.4
2025-02-11,광주,-2.6,맑음,38.5,0.0
2025-02-11,대구,7.3,흐림,82.2,0.0
2025-02-11,대전,5.2,추움,44.0,0.0
2025-02-11,부산,1.5,맑음,42.7,0.0
2025-02-11,서울,2.4,추움,33.8,0.0
2025-02-11,인천,-2.6,맑음,33.4,0.0
2025-02-12,경기,-0.3,맑음,68.9,0.0
2025-02-12,광주,5.8,맑음,55.6,0.0
2025-02-12,대구,6.0,맑음,36.4,0.0
2025-02-12,대전,3.5,흐림,66.9,0.0
2025-02-12,부산,6.0,눈,35.8,18.3
2025-02-12,서울,2.2,맑음,85.1,0.0
2025-02-12,인천,-1.1,맑음,33.0,0.0
2025-02-13,경기,0.5,추움,87.9,0.0
2025-02-13,광주,-1.9,추움,80.8,0.0
2025-02-13,대구,4.7,추움,63.2,0.0
2025-02-13,대전,-0.3,흐림,64.9,0.0
2025-02-13,부산,-2.3,눈,46.4,22.7
2025-02-13,서울,0.6,흐림,88.6,0.0
2025-02-13,인천,5.4,추움,65.6,0.0
2025-02-14,경기,-2.1,흐림,30.4,0.0
2025-02-14,광주,3.6,맑음,73.0,0.0
2025-02-14,대구,-0.7,추움,68.4,0.0
2025-02-14,대전,1.5,흐림,86.3,0.0
2025-02-14,부산,1.6,눈,78.4,23.2
2025-02-14,서울,5.6,흐림,30.9,0.0
2025-02-14,인천,4.8,맑음,65.6,0.0
2025-02-15,경기,1.6,눈,63.5,5.8
2025-02-15,광주,2.5,흐림,39.6,0.0
2025-02-15,대구,0.0,추움,41.6,0.0
2025-02-15,대전,4.5,추움,88.1,0.0
2025-02-15,부산,2.1,추움,67.6,0.0
2025-02-15,서울,3.9,맑음,77.0,0.0
2025-02-15,인천,3.8,맑음,81.8,0.0
2025-02-16,경기,1.8,추움,50.1,0.0
2025-02-16,광주,5.2,추움,83.9,0.0
2025-02-16,대구,-2.2,맑음,44.1,0.0
2025-02-16,대전,3.5,흐림,49.6,0.0
2025-02-16,부산,-1.3,추움,31.7,0.0
2025-02-16,서울,-2.4,맑음,51.9,0.0
2025-02-16,인천,-2.5,흐림,74.4,0.0
2025-02-17,경기,-0.4,맑음,54.8,0.0
2025-02-17,광주,4.9,흐림,67.9,0.0
2025-02-17,대구,-1.4,흐림,85.7,0.0
2025-02-17,대전,-1.0,흐림,52.4,0.0
2025-02-17,부산,3.4,흐림,33.3,0.0
2025-02-17,서울,5.6,추움,49.6,0.0
2025-02-17,인천,1.1,추움,43.2,0.0
2025-02-18,경기,0.1,맑음,36.7,0.0
2025-02-18,광주,6.5,흐림,43.0,0.0
2025-02-18,대구,3.4,추움,63.2,0.0
2025-02-18,대전,-2.0,추움,81.4,0.0
2025-02-18,부산,-0.6,눈,47.7,4.7
2025-02-18,서울,-0.8,눈,37.6,20.8
2025-02-18,인천,2.0,흐림,40.3,0.0
2025-02-19,경기,5.1,흐림,44.8,0.0
2025-02-19,광주,2.8,흐림,58.8,0.0
2025-02-19,대구,7.8,흐림,32.4,0.0
2025-02-19,대전,5.1,흐림,60.3,0.0
2025-02-19,부산,7.1,추움,83.9,0.0
2025-02-19,서울,6.2,흐림,46.8,0.0
2025-02-19,인천,1.8,눈,43.3,27.8
2025-02-20,경기,4.6,맑음,54.4,0.0
2025-02-20,광주,6.6,추움,54.3,0.0
2025-02-20,대구,4.7,추움,81.5,0.0
2025-02-20,대전,7.7,맑음,57.8,0.0
2025-02-20,부산,-2.8,맑음,70.1,0.0
2025-02-20,서울,2.0,맑음,44.4,0.0
2025-02-20,인천,-1.5,추움,47.7,0.0
2025-02-21,경기,1.2,맑음,71.4,0.0
2025-02-21,광주,1.0,맑음,40.5,0.0
2025-02-21,대구,5.1,눈,33.3,28.4
2025-02-21,대전,6.8,눈,36.7,11.0
2025-02-21,부산,5.7,추움,34.9,0.0
2025-02-21,서울,3.9,눈,72.2,0.0
2025-02-21,인천,0.3,맑음,75.2,0.0
2025-02-22,경기,7.8,추움,44.3,0.0
2025-02-22,광주,2.2,맑음,61.9,0.0
2025-02-22,대구,0.9,눈,46.0,20.4
2025-02-22,대전,-2.4,눈,52.4,13.6
2025-02-22,부산,5.3,추움,75.7,0.0
2025-02-22,서울,3.2,맑음,76.4,0.0
2025-02-22,인천,4.1,맑음,74.2,0.0
2025-02-23,경기,-0.9,맑음,83.0,0.0
2025-02-23,광주,1.6,눈,70.9,28.0
2025-02-23,대구,4.7,맑음,59.8,0.0
2025-02-23,대전,2.7,추움,67.6,0.0
2025-02-23,부산,7.5,눈,34.6,4.9
2025-02-23,서울,2.0,눈,52.1,20.2
2025-02-23,인천,-2.1,맑음,83.9,0.0
2025-02-24,경기,0.2,맑음,33.8,0.0
2025-02-24,광주,-1.1,눈,45.6,14.5
2025-02-24,대구,2.3,눈,70.0,15.9
2025-02-24,대전,2.0,흐림,64.0,0.0
2025-02-24,부산,1.5,눈,50.6,19.4
2025-02-24,서울,0.8,흐림,56.6,0.0
2025-02-24,인천,6.2,추움,61.2,0.0
2025-02-25,경기,7.5,흐림,67.1,0.0
2025-02-25,광주,3.2,추움,32.1,0.0
2025-02-25,대구,-1.2,추움,37.0,0.0
2025-02-25,대전,3.3,눈,56.5,11.1
2025-02-25,부산,6.2,추움,71.6,0.0
2025-02-25,서울,5.5,눈,32.8,10.6
2025-02-25,인천,4.8,추움,47.1,0.0
2025-02-26,경기,2.9,추움,37.3,0.0
2025-02-26,광주,5.8,추움,73.7,0.0
2025-02-26,대구,-3.0,추움,74.3,0.0
2025-02-26,대전,4.1,눈,47.7,26.9
2025-02-26,부산,7.4,추움,85.7,0.0
2025-02-26,서울,7.8,눈,38.9,13.5
2025-02-26,인천,1.5,맑음,60.0,0.0
2025-02-27,경기,6.9,흐림,38.4,0.0
2025-02-27,광주,-2.8,추움,62.3,0.0
2025-02-27,대구,3.7,맑음,41.7,0.0
2025-02-27,대전,5.6,추움,76.0,0.0
2025-02-27,부산,1.9,추움,35.5,0.0
2025-02-27,서울,0.7,흐림,36.7,0.0
2025-02-27,인천,0.4,맑음,54.1,0.0
2025-02-28,경기,-0.9,흐림,49.1,0.0
2025-02-28,광주,5.0,추움,56.7,0.0
2025-02-28,대구,1.1,흐림,47.1,0.0
2025-02-28,대전,0.4,눈,56.7,16.8
2025-02-28,부산,4.9,추움,55.7,0.0
2025-02-28,서울,4.4,흐림,87.5,0.0
2025-02-28,인천,7.0,맑음,51.7,0.0
2025-03-01,경기,14.6,비,55.4,26.9
2025-03-01,광주,8.0,흐림,63.3,0.0
2025-03-01,대구,14.8,비,34.0,28.8
2025-03-01,대전,4.1,흐림,54.6,0.0
2025-03-01,부산,5.5,맑음,58.5,0.0
2025-03-01,서울,12.6,흐림,47.3,0.0
2025-03-01,인천,13.0,맑음,65.9,0.0
2025-03-02,경기,6.5,흐림,59.4,0.0
2025-03-02,광주,5.2,흐림,84.4,0.0
2025-03-02,대구,6.2,맑음,87.4,0.0
2025-03-02,대전,8.7,비,69.2,26.8
2025-03-02,부산,11.9,비,43.5,23.7
2025-03-02,서울,9.8,비,84.9,6.0
2025-03-02,인천,13.0,흐림,48.2,0.0
2025-03-03,경기,10.2,맑음,51.7,0.0
2025-03-03,광주,8.5,흐림,71.6,0.0
2025-03-03,대구,9.2,흐림,64.5,0.0
2025-03-03,대전,5.0,흐림,33.5,0.0
2025-03-03,부산,11.2,비,88.5,24.5
2025-03-03,서울,5.9,비,37.2,8.3
2025-03-03,인천,9.8,흐림,82.1,0.0
2025-03-04,경기,10.6,흐림,87.3,0.0
2025-03-04,광주,12.6,비,46.3,20.9
2025-03-04,대구,12.2,맑음,65.9,0.0
2025-03-04,대전,9.5,맑음,82.3,0.0
2025-03-04,부산,9.2,맑음,76.0,0.0
2025-03-04,서울,5.0,흐림,46.4,0.0
2025-03-04,인천,6.5,맑음,61.8,0.0
2025-03-05,경기,3.2,맑음,61.1,0.0
2025-03-05,광주,11.6,비,72.1,24.1
2025-03-05,대구,13.0,맑음,77.7,0.0
2025-03-05,대전,10.4,비,79.9,15.8
2025-03-05,부산,4.2,맑음,39.3,0.0
2025-03-05,서울,4.2,흐림,64.8,0.0
2025-03-05,인천,12.3,흐림,54.7,0.0
2025-03-06,경기,14.1,맑음,58.8,0.0
2025-03-06,광주,11.3,맑음,48.4,0.0
2025-03-06,대구,5.1,흐림,48.3,0.0
2025-03-06,대전,12.8,비,43.3,25.7
2025-03-06,부산,13.7,흐림,65.9,0.0
2025-03-06,서울,8.5,흐림,34.6,0.0
2025-03-06,인천,11.3,흐림,38.3,0.0
2025-03-07,경기,12.2,비,36.7,0.6
2025-03-07,광주,12.4,맑음,85.2,0.0
2025-03-07,대구,3.7,비,37.1,7.6
2025-03-07,대전,6.6,맑음,30.6,0.0
2025-03-07,부산,3.4,맑음,69.6,0.0
2025-03-07,서울,4.6,맑음,34.7,0.0
2025-03-07,인천,12.1,흐림,32.6,0.0
2025-03-08,경기,7.2,비,35.4,25.4
2025-03-08,광주,5.1,흐림,75.2,0.0
2025-03-08,대구,5.9,비,64.2,3.0
2025-03-08,대전,12.2,비,61.7,21.5
2025-03-08,부산,13.3,맑음,76.8,0.0
2025-03-08,서울,10.1,맑음,42.0,0.0
2025-03-08,인천,14.4,흐림,50.9,0.0
2025-03-09,경기,14.0,맑음,81.1,0.0
2025-03-09,광주,8.6,맑음,61.2,0.0
2025-03-09,대구,14.8,흐림,55.4,0.0
2025-03-09,대전,5.7,비,36.8,29.5
2025-03-09,부산,11.1,흐림,36.4,0.0
2025-03-09,서울,14.7,맑음,35.9,0.0
2025-03-09,인천,7.4,흐림,65.4,0.0
2025-03-10,경기,11.7,비,34.9,14.8
2025-03-10,광주,14.3,흐림,52.0,0.0
2025-03-10,대구,9.6,맑음,47.4,0.0
2025-03-10,대전,5.3,흐림,34.2,0.0
2025-03-10,부산,11.2,흐림,80.5,0.0
2025-03-10,서울,12.1,흐림,72.3,0.0
2025-03-10,인천,6.4,흐림,66.0,0.0
2025-03-11,경기,7.8,맑음,61.4,0.0
2025-03-11,광주,4.5,흐림,80.3,0.0
2025-03-11,대구,3.8,맑음,88.5,0.0
2025-03-11,대전,5.4,흐림,80.6,0.0
2025-03-11,부산,14.7,비,74.5,26.8
2025-03-11,서울,15.0,맑음,59.5,0.0
2025-03-11,인천,4.0,비,38.6,12.0
2025-03-12,경기,6.3,비,77.4,19.3
2025-03-12,광주,3.4,맑음,74.3,0.0
2025-03-12,대구,12.2,맑음,36.5,0.0
2025-03-12,대전,8.9,흐림,43.8,0.0
2025-03-12,부산,14.9,흐림,60.7,0.0
2025-03-12,서울,9.0,비,75.9,23.0
2025-03-12,인천,7.3,흐림,70.0,0.0
2025-03-13,경기,7.6,맑음,70.8,0.0
2025-03-13,광주,9.6,비,87.2,0.9
2025-03-13,대구,12.5,흐림,42.1,0.0
2025-03-13,대전,9.0,비,60.3,16.3
2025-03-13,부산,10.9,맑음,61.2,0.0
2025-03-13,서울,9.0,맑음,31.6,0.0
2025-03-13,인천,6.6,맑음,67.4,0.0
2025-03-14,경기,6.8,흐림,52.6,0.0
2025-03-14,광주,8.9,비,63.2,16.2
2025-03-14,대구,8.2,흐림,48.7,0.0
2025-03-14,대전,8.8,흐림,36.6,0.0
2025-03-14,부산,13.3,비,48.2,21.2
2025-03-14,서울,13.6,흐림,37.1,0.0
2025-03-14,인천,3.4,흐림,40.6,0.0
2025-03-15,경기,3.7,비,45.8,17.7
2025-03-15,광주,4.2,흐림,50.7,0.0
2025-03-15,대구,4.5,맑음,52.0,0.0
2025-03-15,대전,10.0,비,75.9,18.8
2025-03-15,부산,6.8,흐림,31.7,0.0
2025-03-15,서울,8.7,흐림,81.3,0.0
2025-03-15,인천,10.4,흐림,51.2,0.0
2025-03-16,경기,6.0,맑음,68.9,0.0
2025-03-16,광주,3.2,흐림,58.2,0.0
2025-03-16,대구,3.4,흐림,69.5,0.0
2025-03-16,대전,9.8,흐림,84.1,0.0
2025-03-16,부산,7.1,맑음,31.2,0.0
2025-03-16,서울,7.9,흐림,33.4,0.0
2025-03-16,인천,4.0,비,71.3,26.1
2025-03-17,경기,6.9,흐림,35.9,0.0
2025-03-17,광주,13.1,맑음,62.2,0.0
2025-03-17,대구,7.1,비,66.9,10.9
2025-03-17,대전,5.4,흐림,68.1,0.0
2025-03-17,부산,9.0,흐림,78.7,0.0
2025-03-17,서울,14.8,맑음,52.7,0.0
2025-03-17,인천,4.2,흐림,70.5,0.0
2025-03-18,경기,7.8,비,43.6,22.3
2025-03-18,광주,8.2,흐림,62.4,0.0
2025-03-18,대구,8.1,흐림,50.8,0.0
2025-03-18,대전,10.8,맑음,48.1,0.0
2025-03-18,부산,7.0,비,34.0,24.0
2025-03-18,서울,6.2,흐림,47.8,0.0
2025-03-18,인천,11.6,맑음,64.7,0.0
2025-03-19,경기,8.4,비,75.8,5.4
2025-03-19,광주,10.5,비,61.3,10.9
2025-03-19,대구,14.3,비,46.1,19.1
2025-03-19,대전,13.2,비,84.4,28.0
2025-03-19,부산,9.9,맑음,42.8,0.0
2025-03-19,서울,8.0,맑음,45.1,0.0
2025-03-19,인천,10.5,맑음,61.0,0.0
2025-03-20,경기,13.1,흐림,54.6,0.0
2025-03-20,광주,12.6,맑음,48.6,0.0
2025-03-20,대구,11.2,흐림,44.2,0.0
2025-03-20,대전,4.4,맑음,41.5,0.0
2025-03-20,부산,12.9,흐림,68.8,0.0
2025-03-20,서울,5.9,맑음,74.8,0.0
2025-03-20,인천,10.6,맑음,80.8,0.0
2025-03-21,경기,13.9,비,42.1,8.2
2025-03-21,광주,13.8,맑음,54.4,0.0
2025-03-21,대구,8.8,비,31.2,25.8
2025-03-21,대전,6.8,맑음,47.9,0.0
2025-03-21,부산,9.6,비,68.7,1.3
2025-03-21,서울,9.7,흐림,56.2,0.0
2025-03-21,인천,6.1,맑음,78.2,0.0
2025-03-22,경기,14.3,흐림,73.5,0.0
2025-03-22,광주,11.8,비,78.4,22.3
2025-03-22,대구,6.0,비,83.1,7.1
2025-03-22,대전,12.3,맑음,48.8,0.0
2025-03-22,부산,14.2,비,61.3,24.9
2025-03-22,서울,11.1,흐림,83.1,0.0
2025-03-22,인천,5.8,맑음,64.3,0.0
2025-03-23,경기,14.6,맑음,56.4,0.0
2025-03-23,광주,8.7,흐림,52.1,0.0
2025-03-23,대구,8.7,흐림,44.8,0.0
2025-03-23,대전,13.6,흐림,86.2,0.0
2025-03-23,부산,7.5,비,86.9,9.5
2025-03-23,서울,5.6,흐림,36.4,0.0
2025-03-23,인천,13.4,흐림,33.4,0.0
2025-03-24,경기,3.4,비,74.4,24.0
2025-03-24,광주,7.7,흐림,84.6,0.0
2025-03-24,대구,14.5,비,51.8,24.4
2025-03-24,대전,9.4,맑음,44.2,0.0
2025-03-24,부산,6.0,맑음,53.1,0.0
2025-03-24,서울,3.3,흐림,88.0,0.0
2025-03-24,인천,11.3,맑음,77.3,0.0
2025-03-25,경기,4.1,흐림,79.4,0.0
2025-03-25,광주,11.6,흐림,82.6,0.0
2025-03-25,대구,7.9,비,32.0,26.0
2025-03-25,대전,8.7,흐림,54.8,0.0
2025-03-25,부산,14.0,맑음,67.9,0.0
2025-03-25,서울,14.1,흐림,85.1,0.0
2025-03-25,인천,6.6,맑음,81.6,0.0
2025-03-26,경기,3.8,비,55.3,21.9
2025-03-26,광주,4.0,비,39.5,15.5
2025-03-26,대구,12.5,흐림,38.2,0.0
2025-03-26,대전,5.4,흐림,48.3,0.0
2025-03-26,부산,10.7,맑음,41.0,0.0
2025-03-26,서울,12.9,맑음,71.9,0.0
2025-03-26,인천,11.9,비,57.2,0.8
2025-03-27,경기,8.4,흐림,82.4,0.0
2025-03-27,광주,3.2,맑음,31.4,0.0
2025-03-27,대구,7.4,흐림,53.6,0.0
2025-03-27,대전,14.3,흐림,83.1,0.0
2025-03-27,부산,12.6,흐림,41.9,0.0
2025-03-27,서울,12.2,비,80.8,20.6
2025-03-27,인천,6.1,맑음,71.2,0.0
2025-03-28,경기,5.4,흐림,72.1,0.0
2025-03-28,광주,11.6,맑음,41.4,0.0
2025-03-28,대구,4.4,비,73.1,13.1
2025-03-28,대전,12.9,흐림,59.6,0.0
2025-03-28,부산,6.1,비,35.3,11.0
2025-03-28,서울,10.8,비,67.6,27.2
2025-03-28,인천,3.6,맑음,67.1,0.0
2025-03-29,경기,8.2,맑음,42.4,0.0
2025-03-29,광주,8.5,비,30.6,4.0
2025-03-29,대구,6.5,맑음,45.7,0.0
2025-03-29,대전,8.4,비,44.9,17.5
2025-03-29,부산,5.3,비,40.8,23.8
2025-03-29,서울,6.5,흐림,59.7,0.0
2025-03-29,인천,14.9,맑음,47.0,0.0
2025-03-30,경기,11.6,맑음,72.5,0.0
2025-03-30,광주,10.4,비,48.2,11.8
2025-03-30,대구,15.0,흐림,86.4,0.0
2025-03-30,대전,11.5,비,78.6,0.2
2025-03-30,부산,7.0,맑음,44.1,0.0
2025-03-30,서울,14.7,흐림,53.9,0.0
2025-03-30,인천,10.2,비,34.4,16.7
2025-03-31,경기,10.0,맑음,45.6,0.0
2025-03-31,광주,12.0,흐림,85.6,0.0
2025-03-31,대구,6.1,맑음,48.8,0.0
2025-03-31,대전,9.0,맑음,88.4,0.0
2025-03-31,부산,6.8,맑음,61.8,0.0
2025-03-31,서울,4.6,흐림,83.5,0.0
2025-03-31,인천,8.9,비,50.4,14.0
2025-04-01,경기,15.2,흐림,56.1,0.0
2025-04-01,광주,17.1,맑음,56.2,0.0
2025-04-01,대구,18.0,비,33.2,4.5
2025-04-01,대전,11.8,맑음,58.2,0.0
2025-04-01,부산,15.6,맑음,85.4,0.0
2025-04-01,서울,19.0,흐림,45.8,0.0
2025-04-01,인천,13.2,맑음,89.7,0.0
2025-04-02,경기,15.6,비,57.5,3.4
2025-04-02,광주,17.7,비,40.8,27.6
2025-04-02,대구,18.2,비,63.8,19.9
2025-04-02,대전,15.8,맑음,88.3,0.0
2025-04-02,부산,11.8,흐림,40.1,0.0
2025-04-02,서울,10.4,흐림,51.4,0.0
2025-04-02,인천,18.7,비,37.4,2.8
2025-04-03,경기,10.3,흐림,70.9,0.0
2025-04-03,광주,16.6,비,49.8,1.3
2025-04-03,대구,14.6,맑음,72.5,0.0
2025-04-03,대전,14.5,흐림,87.3,0.0
2025-04-03,부산,18.4,맑음,39.2,0.0
2025-04-03,서울,17.7,맑음,70.6,0.0
2025-04-03,인천,11.2,비,52.4,27.9
2025-04-04,경기,19.1,비,77.8,3.9
2025-04-04,광주,13.9,맑음,54.1,0.0
2025-04-04,대구,13.8,비,53.9,5.3
2025-04-04,대전,10.9,흐림,81.1,0.0
2025-04-04,부산,17.4,맑음,62.8,0.0
2025-04-04,서울,19.5,비,49.5,21.9
2025-04-04,인천,18.0,맑음,47.0,0.0
2025-04-05,경기,18.0,흐림,74.2,0.0
2025-04-05,광주,18.1,흐림,66.8,0.0
2025-04-05,대구,12.0,비,56.7,11.6
2025-04-05,대전,15.6,흐림,55.4,0.0
2025-04-05,부산,16.7,흐림,79.9,0.0
2025-04-05,서울,17.5,비,69.2,3.6
2025-04-05,인천,19.0,흐림,66.2,0.0
2025-04-06,경기,13.4,비,57.8,6.7
2025-04-06,광주,15.7,흐림,63.1,0.0
2025-04-06,대구,13.0,흐림,89.1,0.0
2025-04-06,대전,19.0,비,80.5,15.7
2025-04-06,부산,15.2,비,47.4,13.1
2025-04-06,서울,16.3,흐림,35.6,0.0
2025-04-06,인천,17.1,비,85.8,15.8
2025-04-07,경기,10.9,흐림,69.7,0.0
2025-04-07,광주,17.2,비,75.4,13.5
2025-04-07,대구,18.4,맑음,32.7,0.0
2025-04-07,대전,18.8,흐림,47.9,0.0
2025-04-07,부산,10.2,비,74.4,13.9
2025-04-07,서울,15.1,맑음,60.6,0.0
2025-04-07,인천,18.1,비,51.3,17.6
2025-04-08,경기,12.1,맑음,34.7,0.0
2025-04-08,광주,17.3,비,48.2,24.4
2025-04-08,대구,16.6,맑음,57.6,0.0
2025-04-08,대전,18.7,흐림,87.9,0.0
2025-04-08,부산,10.1,맑음,37.0,0.0
2025-04-08,서울,13.4,흐림,85.1,0.0
2025-04-08,인천,12.6,비,70.4,13.0
2025-04-09,경기,18.0,흐림,35.3,0.0
2025-04-09,광주,11.9,비,48.1,13.9
2025-04-09,대구,12.1,맑음,68.9,0.0
2025-04-09,대전,12.4,비,80.5,25.7
2025-04-09,부산,17.0,맑음,41.3,0.0
2025-04-09,서울,13.6,비,70.4,20.7
2025-04-09,인천,10.1,맑음,36.7,0.0
2025-04-10,경기,17.4,맑음,56.7,0.0
2025-04-10,광주,17.4,흐림,65.8,0.0
2025-04-10,대구,10.5,흐림,30.5,0.0
2025-04-10,대전,18.5,비,55.9,12.5
2025-04-10,부산,12.4,비,47.7,24.9
2025-04-10,서울,14.2,흐림,37.0,0.0
2025-04-10,인천,14.7,흐림,81.6,0.0
2025-04-11,경기,15.9,비,66.7,20.4
2025-04-11,광주,13.5,비,71.9,0.6
2025-04-11,대구,12.7,맑음,68.9,0.0
2025-04-11,대전,11.2,흐림,67.4,0.0
2025-04-11,부산,14.2,맑음,49.0,0.0
2025-04-11,서울,20.0,비,32.2,12.0
2025-04-11,인천,12.3,흐림,33.6,0.0
2025-04-12,경기,12.3,흐림,43.2,0.0
2025-04-12,광주,16.2,맑음,46.9,0.0
2025-04-12,대구,19.6,흐림,80.0,0.0
2025-04-12,대전,16.5,비,51.6,14.2
2025-04-12,부산,14.7,비,83.0,21.7
2025-04-12,서울,17.3,흐림,58.2,0.0
2025-04-12,인천,13.4,비,66.1,25.3
2025-04-13,경기,16.1,맑음,36.1,0.0
2025-04-13,광주,18.1,맑음,50.3,0.0
2025-04-13,대구,13.6,맑음,45.6,0.0
2025-04-13,대전,11.6,비,79.7,26.8
2025-04-13,부산,12.1,맑음,32.8,0.0
2025-04-13,서울,10.9,비,59.0,5.2
2025-04-13,인천,19.4,흐림,59.6,0.0
2025-04-14,경기,14.9,맑음,89.6,0.0
2025-04-14,광주,19.7,맑음,76.9,0.0
2025-04-14,대구,16.0,비,36.2,1.5
2025-04-14,대전,18.0,흐림,87.8,0.0
2025-04-14,부산,12.7,비,39.1,20.7
2025-04-14,서울,16.2,맑음,37.2,0.0
2025-04-14,인천,17.7,흐림,76.2,0.0
2025-04-15,경기,15.1,맑음,40.0,0.0
2025-04-15,광주,14.4,맑음,54.9,0.0
2025-04-15,대구,15.0,비,82.2,4.6
2025-04-15,대전,13.3,흐림,38.3,0.0
2025-04-15,부산,17.3,맑음,72.5,0.0
2025-04-15,서울,17.8,비,86.8,24.7
2025-04-15,인천,18.7,맑음,84.7,0.0
2025-04-16,경기,12.9,흐림,40.3,0.0
2025-04-16,광주,17.9,비,51.7,0.9
2025-04-16,대구,14.2,비,43.7,24.1
2025-04-16,대전,19.2,흐림,83.9,0.0
2025-04-16,부산,16.3,흐림,44.7,0.0
2025-04-16,서울,12.5,맑음,78.5,0.0
2025-04-16,인천,13.7,흐림,75.3,0.0
2025-04-17,경기,19.4,비,35.1,9.4
2025-04-17,광주,17.0,비,82.4,21.6
2025-04-17,대구,10.6,비,67.9,21.4
2025-04-17,대전,18.8,비,88.4,12.6
2025-04-17,부산,16.6,맑음,68.5,0.0
2025-04-17,서울,17.7,맑음,73.1,0.0
2025-04-17,인천,14.3,맑음,53.6,0.0
2025-04-18,경기,19.0,흐림,66.6,0.0
2025-04-18,광주,15.4,맑음,53.4,0.0
2025-04-18,대구,16.5,비,71.8,26.6
2025-04-18,대전,14.0,비,41.8,9.0
2025-04-18,부산,18.9,맑음,67.5,0.0
2025-04-18,서울,19.1,흐림,30.5,0.0
2025-04-18,인천,17.0,맑음,56.8,0.0
2025-04-19,경기,12.1,흐림,60.7,0.0
2025-04-19,광주,12.6,흐림,60.4,0.0
2025-04-19,대구,15.9,비,44.5,23.2
2025-04-19,대전,14.2,비,60.3,22.0
2025-04-19,부산,10.2,맑음,83.4,0.0
2025-04-19,서울,17.4,비,37.6,29.8
2025-04-19,인천,15.2,흐림,75.4,0.0
2025-04-20,경기,14.5,맑음,64.3,0.0
2025-04-20,광주,15.7,비,38.4,11.3
2025-04-20,대구,16.7,비,80.7,7.0
2025-04-20,대전,12.8,흐림,77.1,0.0
2025-04-20,부산,19.9,비,63.9,26.8
2025-04-20,서울,10.5,맑음,69.1,0.0
2025-04-20,인천,14.5,맑음,89.0,0.0
2025-04-21,경기,14.5,흐림,38.8,0.0
2025-04-21,광주,15.8,흐림,68.2,0.0
2025-04-21,대구,14.5,맑음,52.2,0.0
2025-04-21,대전,14.0,비,63.5,23.4
2025-04-21,부산,14.2,맑음,37.8,0.0
2025-04-21,서울,12.5,비,49.7,17.5
2025-04-21,인천,18.3,흐림,34.9,0.0
2025-04-22,경기,19.7,비,79.4,4.3
2025-04-22,광주,11.1,흐림,52.2,0.0
2025-04-22,대구,14.7,흐림,74.8,0.0
2025-04-22,대전,13.7,비,87.1,18.0
2025-04-22,부산,15.1,비,61.7,20.8
2025-04-22,서울,16.9,흐림,86.9,0.0
2025-04-22,인천,14.8,맑음,57.5,0.0
2025-04-23,경기,13.0,흐림,52.5,0.0
2025-04-23,광주,14.2,맑음,64.4,0.0
2025-04-23,대구,18.9,흐림,42.9,0.0
2025-04-23,대전,14.9,비,37.3,10.5
2025-04-23,부산,17.8,맑음,55.3,0.0
2025-04-23,서울,10.4,흐림,39.2,0.0
2025-04-23,인천,14.9,흐림,77.5,0.0
2025-04-24,경기,18.3,비,38.0,4.2
2025-04-24,광주,17.4,흐림,68.8,0.0
2025-04-24,대구,13.9,흐림,84.0,0.0
2025-04-24,대전,15.4,흐림,87.5,0.0
2025-04-24,부산,13.3,비,78.0,19.9
2025-04-24,서울,14.5,비,50.3,11.3
2025-04-24,인천,14.6,비,57.0,13.5
2025-04-25,경기,13.1,비,68.7,19.3
2025-04-25,광주,12.5,맑음,72.3,0.0
2025-04-25,대구,15.0,흐림,31.1,0.0
2025-04-25,대전,19.4,비,40.8,0.6
2025-04-25,부산,17.6,비,87.4,15.7
2025-04-25,서울,17.1,맑음,64.3,0.0
2025-04-25,인천,11.9,맑음,67.1,0.0
2025-04-26,경기,15.9,흐림,59.5,0.0
2025-04-26,광주,11.5,맑음,87.1,0.0
2025-04-26,대구,10.9,흐림,88.8,0.0
2025-04-26,대전,11.7,비,38.6,7.7
2025-04-26,부산,18.6,맑음,49.0,0.0
2025-04-26,서울,14.4,비,78.4,18.2
2025-04-26,인천,13.4,맑음,40.8,0.0
2025-04-27,경기,17.1,맑음,47.9,0.0
2025-04-27,광주,19.5,흐림,46.2,0.0
2025-04-27,대구,10.5,맑음,44.4,0.0
2025-04-27,대전,15.9,비,59.6,22.6
2025-04-27,부산,12.6,흐림,86.5,0.0
2025-04-27,서울,11.7,비,66.9,9.8
2025-04-27,인천,13.2,맑음,54.8,0.0
2025-04-28,경기,10.3,흐림,68.0,0.0
2025-04-28,광주,13.7,맑음,89.1,0.0
2025-04-28,대구,13.0,맑음,54.4,0.0
2025-04-28,대전,18.5,맑음,60.0,0.0
2025-04-28,부산,11.0,비,75.8,19.5
2025-04-28,서울,14.6,흐림,54.4,0.0
2025-04-28,인천,12.7,맑음,87.8,0.0
2025-04-29,경기,14.5,비,30.1,13.9
2025-04-29,광주,15.6,비,48.0,11.9
2025-04-29,대구,13.8,비,51.1,19.0
2025-04-29,대전,18.4,비,46.9,4.8
2025-04-29,부산,12.7,흐림,45.1,0.0
2025-04-29,서울,15.4,맑음,55.4,0.0
2025-04-29,인천,12.9,비,88.3,0.0
2025-04-30,경기,18.8,흐림,42.7,0.0
2025-04-30,광주,10.2,흐림,71.5,0.0
2025-04-30,대구,14.5,비,44.8,29.5
2025-04-30,대전,12.1,흐림,87.5,0.0
2025-04-30,부산,16.4,흐림,88.8,0.0
2025-04-30,서울,18.3,맑음,73.5,0.0
2025-04-30,인천,19.6,비,49.1,20.5
2025-05-01,경기,21.7,맑음,54.8,0.0
2025-05-01,광주,23.4,맑음,78.7,0.0
2025-05-01,대구,19.5,비,37.4,29.2
2025-05-01,대전,23.3,흐림,51.5,0.0
2025-05-01,부산,21.5,비,62.3,26.8
2025-05-01,서울,24.2,비,66.5,0.1
2025-05-01,인천,22.0,비,75.7,16.1
2025-05-02,경기,19.4,맑음,43.3,0.0
2025-05-02,광주,24.0,흐림,72.4,0.0
2025-05-02,대구,23.1,흐림,43.3,0.0
2025-05-02,대전,24.7,흐림,32.2,0.0
2025-05-02,부산,18.6,비,35.4,18.4
2025-05-02,서울,16.2,맑음,52.2,0.0
2025-05-02,인천,22.6,맑음,70.8,0.0
2025-05-03,경기,19.0,비,82.2,17.1
2025-05-03,광주,23.8,맑음,73.7,0.0
2025-05-03,대구,20.9,맑음,74.8,0.0
2025-05-03,대전,17.6,맑음,64.2,0.0
2025-05-03,부산,20.7,비,70.9,17.0
2025-05-03,서울,15.1,맑음,89.1,0.0
2025-05-03,인천,16.7,흐림,41.6,0.0
2025-05-04,경기,21.8,비,66.9,20.4
2025-05-04,광주,20.2,흐림,32.6,0.0
2025-05-04,대구,23.4,흐림,54.4,0.0
2025-05-04,대전,21.8,맑음,58.0,0.0
2025-05-04,부산,24.4,비,33.1,28.2
2025-05-04,서울,16.9,흐림,70.7,0.0
2025-05-04,인천,15.0,흐림,55.6,0.0
2025-05-05,경기,18.2,흐림,53.5,0.0
2025-05-05,광주,16.0,비,58.8,24.2
2025-05-05,대구,19.2,비,34.5,7.5
2025-05-05,대전,18.3,맑음,33.8,0.0
2025-05-05,부산,24.9,맑음,43.5,0.0
2025-05-05,서울,17.2,비,46.7,12.6
2025-05-05,인천,15.8,흐림,64.3,0.0
2025-05-06,경기,16.1,맑음,44.3,0.0
2025-05-06,광주,18.8,맑음,83.4,0.0
2025-05-06,대구,19.4,비,35.7,13.4
2025-05-06,대전,15.9,맑음,33.6,0.0
2025-05-06,부산,22.9,비,86.6,23.3
2025-05-06,서울,23.0,비,86.1,25.2
2025-05-06,인천,23.3,흐림,79.3,0.0
2025-05-07,경기,15.5,흐림,66.6,0.0
2025-05-07,광주,23.8,흐림,67.2,0.0
2025-05-07,대구,22.5,비,44.0,18.0
2025-05-07,대전,21.2,비,57.2,13.9
2025-05-07,부산,15.5,비,81.0,12.1
2025-05-07,서울,15.7,비,37.7,27.6
2025-05-07,인천,15.7,흐림,70.7,0.0
2025-05-08,경기,19.5,맑음,49.7,0.0
2025-05-08,광주,16.4,맑음,32.6,0.0
2025-05-08,대구,16.3,비,60.5,10.7
2025-05-08,대전,22.2,흐림,56.7,0.0
2025-05-08,부산,15.7,비,77.4,5.8
2025-05-08,서울,21.5,흐림,70.5,0.0
2025-05-08,인천,16.1,맑음,30.7,0.0
2025-05-09,경기,22.5,비,48.7,26.6
2025-05-09,광주,17.0,흐림,42.0,0.0
2025-05-09,대구,20.9,비,70.7,1.7
2025-05-09,대전,23.2,비,63.6,1.6
2025-05-09,부산,17.9,흐림,88.2,0.0
2025-05-09,서울,18.1,맑음,56.2,0.0
2025-05-09,인천,16.5,맑음,48.5,0.0
2025-05-10,경기,19.8,비,71.5,14.0
2025-05-10,광주,19.8,맑음,76.1,0.0
2025-05-10,대구,20.0,맑음,85.2,0.0
2025-05-10,대전,17.2,비,43.8,18.7
2025-05-10,부산,18.0,비,49.7,3.1
2025-05-10,서울,22.9,맑음,50.5,0.0
2025-05-10,인천,18.3,비,64.7,28.9
2025-05-11,경기,16.8,흐림,89.4,0.0
2025-05-11,광주,22.2,흐림,50.4,0.0
2025-05-11,대구,24.1,비,51.6,29.3
2025-05-11,대전,17.0,맑음,40.4,0.0
2025-05-11,부산,16.2,비,47.4,5.8
2025-05-11,서울,23.1,흐림,52.6,0.0
2025-05-11,인천,15.1,흐림,51.5,0.0
2025-05-12,경기,24.1,흐림,31.3,0.0
2025-05-12,광주,23.8,비,82.7,2.0
2025-05-12,대구,18.7,맑음,52.3,0.0
2025-05-12,대전,24.4,맑음,88.6,0.0
2025-05-12,부산,24.4,흐림,48.3,0.0
2025-05-12,서울,17.5,비,41.8,5.3
2025-05-12,인천,16.4,비,69.3,26.6
2025-05-13,경기,16.9,맑음,52.7,0.0
2025-05-13,광주,23.7,흐림,81.1,0.0
2025-05-13,대구,23.5,맑음,47.7,0.0
2025-05-13,대전,18.3,맑음,33.2,0.0
2025-05-13,부산,17.4,비,32.8,18.5
2025-05-13,서울,23.8,맑음,37.8,0.0
2025-05-13,인천,18.2,흐림,55.8,0.0
2025-05-14,경기,22.9,흐림,66.9,0.0
2025-05-14,광주,19.0,비,85.3,17.5
2025-05-14,대구,18.2,맑음,52.4,0.0
2025-05-14,대전,19.8,비,87.3,14.2
2025-05-14,부산,22.5,비,52.5,15.6
2025-05-14,서울,23.9,비,42.6,2.4
2025-05-14,인천,20.1,맑음,75.1,0.0
2025-05-15,경기,23.6,흐림,53.8,0.0
2025-05-15,광주,18.4,비,57.1,13.0
2025-05-15,대구,15.8,비,75.1,8.9
2025-05-15,대전,18.5,비,65.0,14.0
2025-05-15,부산,24.4,맑음,52.4,0.0
2025-05-15,서울,17.1,맑음,83.7,0.0
2025-05-15,인천,19.3,흐림,52.6,0.0
2025-05-16,경기,15.2,흐림,56.5,0.0
2025-05-16,광주,17.0,비,41.8,9.9
2025-05-16,대구,21.4,비,77.2,27.8
2025-05-16,대전,16.2,맑음,51.6,0.0
2025-05-16,부산,17.9,맑음,60.1,0.0
2025-05-16,서울,23.0,흐림,49.0,0.0
2025-05-16,인천,21.5,흐림,51.5,0.0
2025-05-17,경기,16.9,흐림,66.2,0.0
2025-05-17,광주,15.1,비,69.2,29.7
2025-05-17,대구,23.2,흐림,77.0,0.0
2025-05-17,대전,24.5,흐림,79.3,0.0
2025-05-17,부산,20.4,비,45.7,23.1
2025-05-17,서울,22.5,흐림,76.1,0.0
2025-05-17,인천,25.0,맑음,75.1,0.0
2025-05-18,경기,22.5,비,58.5,15.5
2025-05-18,광주,18.1,맑음,74.3,0.0
2025-05-18,대구,19.2,비,56.3,25.6
2025-05-18,대전,18.7,맑음,64.7,0.0
2025-05-18,부산,18.1,맑음,41.3,0.0
2025-05-18,서울,23.7,맑음,43.7,0.0
2025-05-18,인천,22.6,비,73.4,13.8
2025-05-19,경기,17.3,흐림,55.5,0.0
2025-05-19,광주,20.7,비,53.5,11.4
2025-05-19,대구,24.2,맑음,39.2,0.0
2025-05-19,대전,20.7,흐림,77.9,0.0
2025-05-19,부산,18.3,흐림,31.4,0.0
2025-05-19,서울,23.1,흐림,80.1,0.0
2025-05-19,인천,22.6,흐림,71.4,0.0
2025-05-20,경기,16.1,흐림,64.2,0.0
2025-05-20,광주,17.8,흐림,44.0,0.0
2025-05-20,대구,23.3,맑음,66.2,0.0
2025-05-20,대전,16.9,맑음,34.2,0.0
2025-05-20,부산,16.0,맑음,63.2,0.0
2025-05-20,서울,15.6,흐림,53.2,0.0
2025-05-20,인천,21.4,흐림,48.3,0.0
2025-05-21,경기,16.7,맑음,81.6,0.0
2025-05-21,광주,23.2,흐림,69.9,0.0
2025-05-21,대구,18.9,맑음,84.2,0.0
2025-05-21,대전,16.3,맑음,42.3,0.0
2025-05-21,부산,20.4,맑음,58.7,0.0
2025-05-21,서울,20.2,비,57.3,11.1
2025-05-21,인천,18.9,흐림,89.4,0.0
2025-05-22,경기,17.0,비,73.0,13.8
2025-05-22,광주,15.9,비,68.8,27.6
2025-05-22,대구,20.3,맑음,84.6,0.0
2025-05-22,대전,19.6,흐림,64.6,0.0
2025-05-22,부산,23.2,맑음,66.3,0.0
2025-05-22,서울,21.0,맑음,86.3,0.0
2025-05-22,인천,15.1,맑음,38.6,0.0
2025-05-23,경기,18.9,흐림,79.4,0.0
2025-05-23,광주,23.8,흐림,62.3,0.0
2025-05-23,대구,22.0,맑음,35.7,0.0
2025-05-23,대전,24.5,비,44.4,26.1
2025-05-23,부산,22.3,비,57.5,27.3
2025-05-23,서울,22.0,흐림,72.7,0.0
2025-05-23,인천,19.2,맑음,40.8,0.0
2025-05-24,경기,24.1,맑음,54.7,0.0
2025-05-24,광주,19.6,비,50.6,12.0
2025-05-24,대구,17.1,흐림,32.7,0.0
2025-05-24,대전,15.7,맑음,71.7,0.0
2025-05-24,부산,22.7,비,49.6,13.5
2025-05-24,서울,24.2,비,71.9,21.7
2025-05-24,인천,16.2,비,52.1,22.7
2025-05-25,경기,22.1,맑음,38.2,0.0
2025-05-25,광주,17.9,맑음,62.1,0.0
2025-05-25,대구,23.2,흐림,80.5,0.0
2025-05-25,대전,23.4,맑음,66.4,0.0
2025-05-25,부산,21.6,비,72.8,13.1
2025-05-25,서울,19.0,맑음,30.6,0.0
2025-05-25,인천,22.5,비,59.1,2.0
2025-05-26,경기,21.8,맑음,39.2,0.0
2025-05-26,광주,21.0,맑음,32.9,0.0
2025-05-26,대구,23.1,비,68.5,21.5
2025-05-26,대전,18.9,맑음,48.5,0.0
2025-05-26,부산,20.3,비,56.5,1.4
2025-05-26,서울,16.7,흐림,70.3,0.0
2025-05-26,인천,16.8,흐림,72.9,0.0
2025-05-27,경기,24.1,흐림,42.0,0.0
2025-05-27,광주,23.2,맑음,49.4,0.0
2025-05-27,대구,17.2,맑음,82.9,0.0
2025-05-27,대전,16.7,비,40.0,12.5
2025-05-27,부산,23.2,흐림,70.8,0.0
2025-05-27,서울,22.7,흐림,85.7,0.0
2025-05-27,인천,19.2,맑음,89.4,0.0
2025-05-28,경기,16.2,흐림,42.8,0.0
2025-05-28,광주,22.7,흐림,60.0,0.0
2025-05-28,대구,21.6,맑음,46.7,0.0
2025-05-28,대전,18.7,비,34.0,6.6
2025-05-28,부산,18.2,비,53.4,13.8
2025-05-28,서울,16.9,비,42.4,16.3
2025-05-28,인천,18.2,흐림,30.9,0.0
2025-05-29,경기,16.7,비,87.5,18.0
2025-05-29,광주,18.8,흐림,68.4,0.0
2025-05-29,대구,18.2,비,81.1,14.5
2025-05-29,대전,15.2,흐림,84.7,0.0
2025-05-29,부산,16.3,비,40.5,22.9
2025-05-29,서울,22.1,맑음,77.5,0.0
2025-05-29,인천,22.0,비,70.7,29.2
2025-05-30,경기,17.3,맑음,67.0,0.0
2025-05-30,광주,21.0,비,86.8,22.2
2025-05-30,대구,20.0,흐림,42.1,0.0
2025-05-30,대전,17.0,흐림,32.3,0.0
2025-05-30,부산,21.2,맑음,33.6,0.0
2025-05-30,서울,20.0,맑음,72.3,0.0
2025-05-30,인천,18.1,맑음,74.3,0.0
2025-05-31,경기,20.2,맑음,88.7,0.0
2025-05-31,광주,16.8,흐림,67.8,0.0
2025-05-31,대구,24.9,비,78.1,20.9
2025-05-31,대전,21.1,맑음,52.9,0.0
2025-05-31,부산,18.3,비,44.5,16.2
2025-05-31,서울,16.3,흐림,49.1,0.0
2025-05-31,인천,23.1,비,75.0,6.9
2025-06-01,경기,20.5,비,89.5,28.1
2025-06-01,광주,25.8,흐림,88.1,0.0
2025-06-01,대구,21.6,흐림,41.9,0.0
2025-06-01,대전,21.8,더움,44.9,0.0
2025-06-01,부산,22.4,비,34.7,21.7
2025-06-01,서울,28.7,맑음,34.2,0.0
2025-06-01,인천,20.9,비,65.6,24.9
2025-06-02,경기,24.0,흐림,40.1,0.0
2025-06-02,광주,25.5,비,40.5,11.4
2025-06-02,대구,20.2,더움,52.9,0.0
2025-06-02,대전,27.6,맑음,85.3,0.0
2025-06-02,부산,27.6,더움,79.2,0.0
2025-06-02,서울,22.7,비,76.9,2.4
2025-06-02,인천,24.2,더움,66.6,0.0
2025-06-03,경기,20.7,더움,38.2,0.0
2025-06-03,광주,23.1,더움,89.3,0.0
2025-06-03,대구,24.9,흐림,85.5,0.0
2025-06-03,대전,29.7,더움,52.4,0.0
2025-06-03,부산,20.1,맑음,60.0,0.0
2025-06-03,서울,24.5,흐림,52.5,0.0
2025-06-03,인천,22.0,더움,85.0,0.0
2025-06-04,경기,23.8,맑음,63.9,0.0
2025-06-04,광주,29.2,맑음,51.7,0.0
2025-06-04,대구,27.0,흐림,69.1,0.0
2025-06-04,대전,27.4,더움,44.5,0.0
2025-06-04,부산,25.1,흐림,59.3,0.0
2025-06-04,서울,24.1,맑음,32.3,0.0
2025-06-04,인천,27.6,비,87.4,23.1
2025-06-05,경기,26.1,흐림,86.7,0.0
2025-06-05,광주,21.7,더움,55.6,0.0
2025-06-05,대구,24.0,더움,65.2,0.0
2025-06-05,대전,25.2,맑음,41.3,0.0
2025-06-05,부산,20.1,비,76.3,19.3
2025-06-05,서울,27.0,맑음,68.7,0.0
2025-06-05,인천,22.5,비,66.1,28.6
2025-06-06,경기,25.9,더움,74.0,0.0
2025-06-06,광주,25.2,더움,69.3,0.0
2025-06-06,대구,29.3,비,53.9,9.2
2025-06-06,대전,28.2,비,30.1,2.1
2025-06-06,부산,28.1,흐림,46.1,0.0
2025-06-06,서울,25.0,흐림,62.0,0.0
2025-06-06,인천,21.1,맑음,64.4,0.0
2025-06-07,경기,22.0,비,40.9,28.5
2025-06-07,광주,20.8,비,35.1,3.7
2025-06-07,대구,29.8,흐림,82.3,0.0
2025-06-07,대전,26.3,더움,67.5,0.0
2025-06-07,부산,20.6,비,41.0,22.8
2025-06-07,서울,21.7,더움,52.5,0.0
2025-06-07,인천,25.7,더움,42.8,0.0
2025-06-08,경기,24.9,더움,75.6,0.0
2025-06-08,광주,29.3,흐림,58.4,0.0
2025-06-08,대구,21.0,맑음,61.3,0.0
2025-06-08,대전,23.8,맑음,61.2,0.0
2025-06-08,부산,26.7,맑음,77.4,0.0
2025-06-08,서울,23.4,맑음,65.1,0.0
2025-06-08,인천,20.6,맑음,75.1,0.0
2025-06-09,경기,30.0,흐림,79.0,0.0
2025-06-09,광주,20.3,비,37.4,15.9
2025-06-09,대구,20.0,맑음,82.2,0.0
2025-06-09,대전,27.3,더움,83.3,0.0
2025-06-09,부산,29.8,맑음,82.4,0.0
2025-06-09,서울,26.0,흐림,50.2,0.0
2025-06-09,인천,26.7,흐림,52.7,0.0
2025-06-10,경기,25.1,더움,69.6,0.0
2025-06-10,광주,23.5,맑음,86.3,0.0
2025-06-10,대구,29.7,맑음,74.1,0.0
2025-06-10,대전,22.3,더움,59.1,0.0
2025-06-10,부산,20.2,흐림,51.6,0.0
2025-06-10,서울,23.7,비,67.1,19.8
2025-06-10,인천,29.9,맑음,87.5,0.0
2025-06-11,경기,27.3,맑음,47.6,0.0
2025-06-11,광주,24.8,맑음,62.4,0.0
2025-06-11,대구,28.3,흐림,89.8,0.0
2025-06-11,대전,21.7,더움,56.8,0.0
2025-06-11,부산,21.3,맑음,77.8,0.0
2025-06-11,서울,29.9,더움,81.4,0.0
2025-06-11,인천,27.1,비,82.2,26.3
2025-06-12,경기,21.1,맑음,89.6,0.0
2025-06-12,광주,20.9,더움,71.5,0.0
2025-06-12,대구,26.7,흐림,87.1,0.0
2025-06-12,대전,26.7,맑음,85.4,0.0
2025-06-12,부산,27.7,더움,43.2,0.0
2025-06-12,서울,22.1,비,75.2,19.8
2025-06-12,인천,21.6,맑음,85.7,0.0
2025-06-13,경기,23.8,흐림,73.0,0.0
2025-06-13,광주,25.7,맑음,37.6,0.0
2025-06-13,대구,22.9,맑음,36.7,0.0
2025-06-13,대전,27.4,흐림,86.2,0.0
2025-06-13,부산,28.1,더움,43.4,0.0
2025-06-13,서울,29.3,비,76.0,18.0
2025-06-13,인천,26.5,더움,77.1,0.0
2025-06-14,경기,23.1,맑음,65.4,0.0
2025-06-14,광주,21.4,흐림,86.6,0.0
2025-06-14,대구,25.2,비,66.1,6.7
2025-06-14,대전,20.1,더움,81.1,0.0
2025-06-14,부산,28.0,흐림,86.0,0.0
2025-06-14,서울,29.5,흐림,64.6,0.0
2025-06-14,인천,28.5,비,88.8,9.6
2025-06-15,경기,27.5,비,80.9,24.8
2025-06-15,광주,21.5,흐림,73.0,0.0
2025-06-15,대구,26.3,더움,42.9,0.0
2025-06-15,대전,27.0,흐림,52.6,0.0
2025-06-15,부산,22.7,맑음,80.9,0.0
2025-06-15,서울,25.0,비,57.3,18.0
2025-06-15,인천,26.0,맑음,48.5,0.0
2025-06-16,경기,28.6,비,73.6,9.0
2025-06-16,광주,21.0,더움,49.4,0.0
2025-06-16,대구,20.7,더움,73.6,0.0
2025-06-16,대전,27.0,흐림,41.7,0.0
2025-06-16,부산,29.9,더움,75.5,0.0
2025-06-16,서울,27.0,비,33.2,26.0
2025-06-16,인천,29.9,비,62.9,10.1
2025-06-17,경기,26.5,더움,64.6,0.0
2025-06-17,광주,23.8,비,89.0,20.4
2025-06-17,대구,23.6,맑음,81.4,0.0
2025-06-17,대전,26.8,맑음,89.3,0.0
2025-06-17,부산,22.1,비,78.3,5.9
2025-06-17,서울,28.5,맑음,72.6,0.0
2025-06-17,인천,27.0,더움,47.5,0.0
2025-06-18,경기,29.5,비,37.0,15.5
2025-06-18,광주,27.8,맑음,81.9,0.0
2025-06-18,대구,24.9,더움,71.3,0.0
2025-06-18,대전,26.5,비,52.5,20.8
2025-06-18,부산,22.5,더움,37.1,0.0
2025-06-18,서울,29.3,비,35.8,29.2
2025-06-18,인천,25.9,흐림,88.2,0.0
2025-06-19,경기,20.1,흐림,37.0,0.0
2025-06-19,광주,25.7,흐림,36.0,0.0
2025-06-19,대구,26.9,흐림,35.7,0.0
2025-06-19,대전,23.8,비,90.0,21.1
2025-06-19,부산,20.2,비,64.4,17.2
2025-06-19,서울,22.8,더움,69.2,0.0
2025-06-19,인천,24.9,맑음,70.1,0.0
2025-06-20,경기,24.1,비,72.0,11.8
2025-06-20,광주,21.3,맑음,42.4,0.0
2025-06-20,대구,21.8,맑음,65.9,0.0
2025-06-20,대전,20.1,비,56.8,9.4
2025-06-20,부산,27.5,맑음,42.4,0.0
2025-06-20,서울,27.1,맑음,81.7,0.0
2025-06-20,인천,20.6,더움,80.2,0.0
2025-06-21,경기,29.8,맑음,60.4,0.0
2025-06-21,광주,26.1,흐림,60.6,0.0
2025-06-21,대구,26.6,흐림,56.7,0.0
2025-06-21,대전,27.0,더움,61.4,0.0
2025-06-21,부산,22.5,맑음,32.8,0.0
2025-06-21,서울,20.9,비,45.4,22.6
2025-06-21,인천,29.7,흐림,40.3,0.0
2025-06-22,경기,21.9,맑음,48.0,0.0
2025-06-22,광주,20.8,더움,45.3,0.0
2025-06-22,대구,20.7,더움,45.3,0.0
2025-06-22,대전,26.5,더움,39.8,0.0
2025-06-22,부산,22.8,흐림,73.7,0.0
2025-06-22,서울,26.6,맑음,32.7,0.0
2025-06-22,인천,29.6,비,66.1,6.5
2025-06-23,경기,20.7,비,74.0,29.9
2025-06-23,광주,20.7,더움,68.4,0.0
2025-06-23,대구,23.8,더움,87.8,0.0
2025-06-23,대전,20.8,비,37.5,3.3
2025-06-23,부산,24.2,비,39.2,29.8
2025-06-23,서울,29.4,더움,38.6,0.0
2025-06-23,인천,27.1,비,63.8,19.4
2025-06-24,경기,28.7,비,43.5,0.3
2025-06-24,광주,25.5,흐림,66.4,0.0
2025-06-24,대구,25.9,흐림,78.4,0.0
2025-06-24,대전,25.3,맑음,72.0,0.0
2025-06-24,부산,27.8,맑음,37.4,0.0
2025-06-24,서울,29.1,흐림,76.7,0.0
2025-06-24,인천,29.8,더움,43.3,0.0
2025-06-25,경기,21.8,더움,78.4,0.0
2025-06-25,광주,27.1,더움,41.0,0.0
2025-06-25,대구,21.4,비,64.1,8.0
2025-06-25,대전,27.1,흐림,44.9,0.0
2025-06-25,부산,26.9,맑음,72.8,0.0
2025-06-25,서울,21.7,맑음,86.8,0.0
2025-06-25,인천,24.8,더움,37.7,0.0
2025-06-26,경기,29.5,흐림,61.2,0.0
2025-06-26,광주,25.5,흐림,59.6,0.0
2025-06-26,대구,20.8,맑음,44.4,0.0
2025-06-26,대전,21.7,맑음,33.4,0.0
2025-06-26,부산,27.7,더움,80.7,0.0
2025-06-26,서울,28.0,흐림,60.1,0.0
2025-06-26,인천,23.1,비,81.5,28.4
2025-06-27,경기,24.8,비,60.9,29.9
2025-06-27,광주,21.7,비,52.0,4.0
2025-06-27,대구,22.4,흐림,74.3,0.0
2025-06-27,대전,26.1,맑음,87.9,0.0
2025-06-27,부산,27.1,맑음,72.2,0.0
2025-06-27,서울,29.6,맑음,55.4,0.0
2025-06-27,인천,24.1,맑음,67.0,0.0
2025-06-28,경기,21.7,더움,88.2,0.0
2025-06-28,광주,29.4,맑음,83.5,0.0
2025-06-28,대구,22.1,흐림,74.3,0.0
2025-06-28,대전,22.2,더움,48.3,0.0
2025-06-28,부산,22.9,맑음,59.0,0.0
2025-06-28,서울,29.5,흐림,55.4,0.0
2025-06-28,인천,29.1,흐림,45.0,0.0
2025-06-29,경기,23.3,더움,51.2,0.0
2025-06-29,광주,22.3,흐림,53.7,0.0
2025-06-29,대구,22.0,더움,61.7,0.0
2025-06-29,대전,24.1,비,84.8,0.2
2025-06-29,부산,23.5,더움,36.1,0.0
2025-06-29,서울,20.6,더움,30.4,0.0
2025-06-29,인천,23.5,맑음,73.3,0.0
2025-06-30,경기,21.1,흐림,56.3,0.0
2025-06-30,광주,26.7,비,86.9,28.8
2025-06-30,대구,21.1,비,47.1,4.0
2025-06-30,대전,27.4,더움,84.1,0.0
2025-06-30,부산,20.1,더움,83.0,0.0
2025-06-30,서울,23.6,흐림,83.5,0.0
2025-06-30,인천,21.6,더움,51.2,0.0
2025-07-01,경기,32.1,흐림,49.5,0.0
2025-07-01,광주,29.3,비,65.8,0.2
2025-07-01,대구,26.6,더움,60.0,0.0
2025-07-01,대전,27.4,흐림,70.7,0.0
2025-07-01,부산,26.3,비,87.5,23.8
2025-07-01,서울,26.2,비,59.3,14.9
2025-07-01,인천,30.0,비,85.4,25.3
2025-07-02,경기,31.2,더움,73.8,0.0
2025-07-02,광주,26.9,더움,81.3,0.0
2025-07-02,대구,29.7,더움,77.0,0.0
2025-07-02,대전,32.0,더움,60.1,0.0
2025-07-02,부산,34.9,비,44.8,24.6
2025-07-02,서울,27.9,비,59.2,22.8
2025-07-02,인천,27.5,더움,76.0,0.0
2025-07-03,경기,29.0,더움,46.4,0.0
2025-07-03,광주,30.1,더움,68.6,0.0
2025-07-03,대구,29.1,비,48.4,19.0
2025-07-03,대전,27.2,더움,55.6,0.0
2025-07-03,부산,27.0,흐림,81.9,0.0
2025-07-03,서울,31.3,흐림,43.8,0.0
2025-07-03,인천,34.3,더움,55.6,0.0
2025-07-04,경기,29.2,흐림,49.2,0.0
2025-07-04,광주,31.7,더움,71.0,0.0
2025-07-04,대구,27.8,비,66.4,12.9
2025-07-04,대전,34.5,비,51.8,9.1
2025-07-04,부산,32.4,흐림,42.7,0.0
2025-07-04,서울,26.1,비,51.8,28.3
2025-07-04,인천,26.8,더움,30.0,0.0
2025-07-05,경기,32.4,비,65.3,18.1
2025-07-05,광주,34.3,비,34.5,16.4
2025-07-05,대구,26.2,흐림,65.2,0.0
2025-07-05,대전,33.2,흐림,41.6,0.0
2025-07-05,부산,25.9,비,36.4,18.9
2025-07-05,서울,28.3,더움,74.5,0.0
2025-07-05,인천,31.5,더움,42.6,0.0
2025-07-06,경기,32.2,흐림,32.6,0.0
2025-07-06,광주,26.7,더움,46.4,0.0
2025-07-06,대구,31.3,비,37.0,13.1
2025-07-06,대전,29.2,비,85.9,15.1
2025-07-06,부산,34.8,흐림,83.7,0.0
2025-07-06,서울,28.0,비,58.5,22.8
2025-07-06,인천,29.2,더움,72.7,0.0
2025-07-07,경기,32.9,더움,71.6,0.0
2025-07-07,광주,27.1,비,30.2,17.2
2025-07-07,대구,29.4,더움,60.6,0.0
2025-07-07,대전,32.8,흐림,54.1,0.0
2025-07-07,부산,33.7,흐림,88.3,0.0
2025-07-07,서울,27.9,더움,87.3,0.0
2025-07-07,인천,33.1,흐림,59.7,0.0
2025-07-08,경기,29.6,흐림,72.5,0.0
2025-07-08,광주,27.7,더움,77.4,0.0
2025-07-08,대구,30.3,더움,47.5,0.0
2025-07-08,대전,26.5,흐림,83.0,0.0
2025-07-08,부산,32.1,비,63.1,5.1
2025-07-08,서울,32.0,흐림,82.7,0.0
2025-07-08,인천,27.6,흐림,81.1,0.0
2025-07-09,경기,30.3,더움,30.1,0.0
2025-07-09,광주,27.2,비,87.9,5.3
2025-07-09,대구,29.1,더움,66.7,0.0
2025-07-09,대전,34.9,비,67.6,0.3
2025-07-09,부산,33.8,흐림,45.8,0.0
2025-07-09,서울,34.8,흐림,89.4,0.0
2025-07-09,인천,31.3,비,88.3,9.7
2025-07-10,경기,26.1,흐림,74.7,0.0
2025-07-10,광주,29.5,더움,73.8,0.0
2025-07-10,대구,28.2,더움,42.2,0.0
2025-07-10,대전,33.1,흐림,75.2,0.0
2025-07-10,부산,30.5,흐림,79.0,0.0
2025-07-10,서울,30.4,더움,88.7,0.0
2025-07-10,인천,34.5,비,45.4,18.8
2025-07-11,경기,29.6,더움,78.9,0.0
2025-07-11,광주,27.5,비,84.5,29.1
2025-07-11,대구,26.6,비,40.7,11.8
2025-07-11,대전,26.9,흐림,38.6,0.0
2025-07-11,부산,26.8,흐림,46.9,0.0
2025-07-11,서울,28.7,비,84.1,2.8
2025-07-11,인천,26.9,더움,59.4,0.0
2025-07-12,경기,31.0,더움,52.7,0.0
2025-07-12,광주,30.4,더움,79.1,0.0
2025-07-12,대구,27.7,더움,86.3,0.0
2025-07-12,대전,25.1,흐림,88.0,0.0
2025-07-12,부산,34.3,흐림,37.9,0.0
2025-07-12,서울,32.2,더움,38.2,0.0
2025-07-12,인천,26.1,더움,30.8,0.0
2025-07-13,경기,33.9,흐림,78.9,0.0
2025-07-13,광주,34.1,더움,31.4,0.0
2025-07-13,대구,33.2,더움,36.2,0.0
2025-07-13,대전,26.0,비,83.2,12.5
2025-07-13,부산,27.7,흐림,62.6,0.0
2025-07-13,서울,25.8,흐림,38.4,0.0
2025-07-13,인천,28.3,비,39.3,1.7
2025-07-14,경기,28.8,흐림,83.1,0.0
2025-07-14,광주,29.3,더움,50.1,0.0
2025-07-14,대구,25.8,비,50.0,10.8
2025-07-14,대전,34.0,더움,66.3,0.0
2025-07-14,부산,26.0,더움,87.4,0.0
2025-07-14,서울,28.9,비,51.2,8.6
2025-07-14,인천,29.9,더움,89.4,0.0
2025-07-15,경기,31.9,흐림,67.5,0.0
2025-07-15,광주,28.9,더움,73.3,0.0
2025-07-15,대구,33.0,흐림,77.3,0.0
2025-07-15,대전,32.8,더움,38.8,0.0
2025-07-15,부산,28.7,흐림,45.9,0.0
2025-07-15,서울,31.8,더움,39.0,0.0
2025-07-15,인천,28.5,비,36.2,27.5
2025-07-16,경기,27.8,흐림,35.4,0.0
2025-07-16,광주,30.0,흐림,62.0,0.0
2025-07-16,대구,32.9,흐림,50.0,0.0
2025-07-16,대전,34.2,흐림,53.0,0.0
2025-07-16,부산,29.9,비,58.9,29.2
2025-07-16,서울,33.1,비,36.8,12.8
2025-07-16,인천,26.8,더움,53.1,0.0
2025-07-17,경기,30.8,더움,55.3,0.0
2025-07-17,광주,34.1,더움,51.7,0.0
2025-07-17,대구,27.0,더움,81.0,0.0
2025-07-17,대전,30.6,비,87.5,27.6
2025-07-17,부산,32.0,더움,44.1,0.0
2025-07-17,서울,30.4,흐림,43.8,0.0
2025-07-17,인천,32.8,흐림,78.7,0.0
2025-07-18,경기,34.7,흐림,84.8,0.0
2025-07-18,광주,26.1,흐림,64.9,0.0
2025-07-18,대구,26.4,흐림,74.0,0.0
2025-07-18,대전,34.6,흐림,52.3,0.0
2025-07-18,부산,26.4,흐림,87.7,0.0
2025-07-18,서울,27.9,더움,38.6,0.0
2025-07-18,인천,27.1,더움,43.5,0.0
2025-07-19,경기,26.4,비,44.7,0.4
2025-07-19,광주,33.8,더움,31.9,0.0
2025-07-19,대구,29.1,비,50.2,23.4
2025-07-19,대전,25.1,흐림,36.7,0.0
2025-07-19,부산,30.3,흐림,86.9,0.0
2025-07-19,서울,33.4,비,82.2,0.9
2025-07-19,인천,26.5,비,40.9,22.3
2025-07-20,경기,31.8,비,82.6,16.6
2025-07-20,광주,34.8,흐림,66.3,0.0
2025-07-20,대구,34.8,비,37.5,6.4
2025-07-20,대전,25.6,흐림,53.5,0.0
2025-07-20,부산,34.3,비,46.3,2.8
2025-07-20,서울,30.0,더움,30.7,0.0
2025-07-20,인천,34.2,비,60.1,21.3
2025-07-21,경기,31.5,비,54.3,11.4
2025-07-21,광주,32.6,더움,48.5,0.0
2025-07-21,대구,31.0,비,80.8,0.8
2025-07-21,대전,26.6,비,36.4,6.4
2025-07-21,부산,27.7,더움,36.3,0.0
2025-07-21,서울,33.2,더움,58.1,0.0
2025-07-21,인천,33.0,더움,68.8,0.0
2025-07-22,경기,27.7,더움,88.6,0.0
2025-07-22,광주,34.7,비,72.2,2.9
2025-07-22,대구,34.8,더움,75.1,0.0
2025-07-22,대전,30.0,비,48.9,11.7
2025-07-22,부산,25.5,비,48.9,28.3
2025-07-22,서울,27.0,흐림,85.8,0.0
2025-07-22,인천,25.4,흐림,89.2,0.0
2025-07-23,경기,25.2,더움,77.8,0.0
2025-07-23,광주,26.6,흐림,87.8,0.0
2025-07-23,대구,25.9,흐림,73.1,0.0
2025-07-23,대전,33.1,더움,69.3,0.0
2025-07-23,부산,31.8,더움,34.7,0.0
2025-07-23,서울,34.0,비,60.2,15.1
2025-07-23,인천,30.9,비,81.1,8.7
2025-07-24,경기,34.3,흐림,50.5,0.0
2025-07-24,광주,26.0,비,30.9,23.0
2025-07-24,대구,27.1,더움,66.6,0.0
2025-07-24,대전,34.6,더움,64.0,0.0
2025-07-24,부산,25.4,비,72.8,20.5
2025-07-24,서울,34.9,흐림,66.5,0.0
2025-07-24,인천,28.4,더움,51.6,0.0
2025-07-25,경기,30.0,더움,57.3,0.0
2025-07-25,광주,34.4,더움,88.3,0.0
2025-07-25,대구,32.7,흐림,45.5,0.0
2025-07-25,대전,34.8,비,75.8,13.3
2025-07-25,부산,30.8,비,51.2,2.1
2025-07-25,서울,30.5,비,88.1,23.4
2025-07-25,인천,34.3,더움,39.7,0.0
2025-07-26,경기,34.2,흐림,37.7,0.0
2025-07-26,광주,33.2,흐림,30.5,0.0
2025-07-26,대구,33.8,비,89.5,1.3
2025-07-26,대전,25.6,흐림,77.4,0.0
2025-07-26,부산,31.8,더움,60.4,0.0
2025-07-26,서울,25.4,비,81.5,12.0
2025-07-26,인천,30.1,비,67.5,9.4
2025-07-27,경기,33.5,비,43.4,26.2
2025-07-27,광주,28.4,비,66.3,6.4
2025-07-27,대구,25.9,더움,73.9,0.0
2025-07-27,대전,32.7,비,42.0,9.9
2025-07-27,부산,30.4,흐림,79.1,0.0
2025-07-27,서울,27.9,더움,39.5,0.0
2025-07-27,인천,25.9,흐림,58.0,0.0
2025-07-28,경기,30.5,더움,86.9,0.0
2025-07-28,광주,34.5,더움,71.0,0.0
2025-07-28,대구,34.4,더움,51.7,0.0
2025-07-28,대전,34.8,비,42.8,6.3
2025-07-28,부산,34.9,더움,76.5,0.0
2025-07-28,서울,29.8,흐림,46.7,0.0
2025-07-28,인천,31.4,더움,49.2,0.0
2025-07-29,경기,29.1,비,47.9,21.4
2025-07-29,광주,29.4,흐림,84.8,0.0
2025-07-29,대구,34.6,비,47.8,6.0
2025-07-29,대전,29.8,비,62.1,23.5
2025-07-29,부산,25.9,더움,84.1,0.0
2025-07-29,서울,27.5,비,40.6,4.3
2025-07-29,인천,30.2,비,70.2,7.8
2025-07-30,경기,27.0,흐림,73.4,0.0
2025-07-30,광주,27.6,비,73.3,29.6
2025-07-30,대구,25.1,비,83.8,28.0
2025-07-30,대전,33.6,비,36.8,29.1
2025-07-30,부산,32.4,흐림,74.2,0.0
2025-07-30,서울,28.9,흐림,30.6,0.0
2025-07-30,인천,31.2,흐림,49.4,0.0
2025-07-31,경기,26.0,흐림,43.1,0.0
2025-07-31,광주,25.2,비,83.8,15.1
2025-07-31,대구,34.5,더움,88.3,0.0
2025-07-31,대전,34.6,흐림,52.2,0.0
2025-07-31,부산,31.0,더움,43.0,0.0
2025-07-31,서울,31.3,더움,68.3,0.0
2025-07-31,인천,29.2,더움,62.8,0.0
2025-08-01,경기,29.1,비,51.1,24.8
2025-08-01,광주,27.8,흐림,67.2,0.0
2025-08-01,대구,30.9,흐림,62.6,0.0
2025-08-01,대전,27.9,비,69.6,20.4
2025-08-01,부산,29.6,더움,52.4,0.0
2025-08-01,서울,32.0,더움,68.9,0.0
2025-08-01,인천,30.2,비,75.9,3.4
2025-08-02,경기,25.9,더움,31.0,0.0
2025-08-02,광주,27.0,더움,58.2,0.0
2025-08-02,대구,33.1,흐림,70.1,0.0
2025-08-02,대전,27.1,비,76.6,16.5
2025-08-02,부산,26.0,흐림,56.6,0.0
2025-08-02,서울,35.0,더움,78.4,0.0
2025-08-02,인천,26.0,비,75.0,18.7
2025-08-03,경기,29.1,비,79.2,21.1
2025-08-03,광주,25.2,더움,39.2,0.0
2025-08-03,대구,27.6,흐림,80.3,0.0
2025-08-03,대전,31.7,비,30.2,27.3
2025-08-03,부산,30.1,더움,46.1,0.0
2025-08-03,서울,28.5,더움,77.6,0.0
2025-08-03,인천,29.0,흐림,86.4,0.0
2025-08-04,경기,28.4,비,87.5,29.8
2025-08-04,광주,26.6,흐림,43.9,0.0
2025-08-04,대구,29.3,흐림,86.4,0.0
2025-08-04,대전,34.8,비,40.4,27.1
2025-08-04,부산,31.4,흐림,79.7,0.0
2025-08-04,서울,33.4,비,61.1,22.2
2025-08-04,인천,30.6,더움,53.5,0.0
2025-08-05,경기,30.8,흐림,53.5,0.0
2025-08-05,광주,34.2,흐림,34.7,0.0
2025-08-05,대구,25.3,더움,30.7,0.0
2025-08-05,대전,26.5,흐림,67.1,0.0
2025-08-05,부산,34.5,더움,42.2,0.0
2025-08-05,서울,33.0,흐림,60.3,0.0
2025-08-05,인천,34.2,흐림,80.2,0.0
2025-08-06,경기,31.3,흐림,51.5,0.0
2025-08-06,광주,33.7,흐림,36.7,0.0
2025-08-06,대구,32.7,비,69.6,8.2
2025-08-06,대전,31.3,더움,68.3,0.0
2025-08-06,부산,30.4,더움,44.7,0.0
2025-08-06,서울,25.3,비,74.1,29.5
2025-08-06,인천,31.5,더움,43.3,0.0
2025-08-07,경기,33.9,비,35.6,14.8
2025-08-07,광주,26.8,더움,30.6,0.0
2025-08-07,대구,25.8,흐림,71.2,0.0
2025-08-07,대전,33.9,비,68.0,13.5
2025-08-07,부산,29.1,더움,59.2,0.0
2025-08-07,서울,26.2,흐림,38.5,0.0
2025-08-07,인천,34.1,비,42.5,3.0
2025-08-08,경기,26.2,더움,50.6,0.0
2025-08-08,광주,33.7,더움,36.9,0.0
2025-08-08,대구,26.9,더움,31.8,0.0
2025-08-08,대전,30.2,더움,75.7,0.0
2025-08-08,부산,30.2,더움,45.3,0.0
2025-08-08,서울,31.6,더움,67.9,0.0
2025-08-08,인천,29.8,비,66.8,16.4
2025-08-09,경기,32.3,더움,86.4,0.0
2025-08-09,광주,27.8,흐림,53.6,0.0
2025-08-09,대구,33.1,흐림,56.2,0.0
2025-08-09,대전,34.2,비,45.0,5.9
2025-08-09,부산,30.5,흐림,47.7,0.0
2025-08-09,서울,25.3,더움,38.3,0.0
2025-08-09,인천,27.7,비,42.0,2.8
2025-08-10,경기,32.9,더움,87.2,0.0
2025-08-10,광주,27.5,흐림,54.6,0.0
2025-08-10,대구,27.0,비,51.2,26.9
2025-08-10,대전,29.5,더움,83.4,0.0
2025-08-10,부산,33.2,비,67.4,18.2
2025-08-10,서울,32.9,흐림,65.3,0.0
2025-08-10,인천,29.3,비,56.8,17.9
2025-08-11,경기,28.5,흐림,31.8,0.0
2025-08-11,광주,27.1,비,64.0,9.6
2025-08-11,대구,28.7,흐림,38.7,0.0
2025-08-11,대전,26.2,비,49.1,0.3
2025-08-11,부산,28.6,더움,34.4,0.0
2025-08-11,서울,33.3,흐림,68.7,0.0
2025-08-11,인천,33.1,더움,55.8,0.0
2025-08-12,경기,27.1,흐림,43.0,0.0
2025-08-12,광주,25.5,비,46.5,3.6
2025-08-12,대구,31.8,비,56.1,24.4
2025-08-12,대전,27.0,더움,78.2,0.0
2025-08-12,부산,25.7,흐림,83.6,0.0
2025-08-12,서울,30.6,더움,53.1,0.0
2025-08-12,인천,27.8,흐림,66.5,0.0
2025-08-13,경기,25.2,흐림,31.1,0.0
2025-08-13,광주,32.2,비,46.5,22.6
2025-08-13,대구,34.2,흐림,32.3,0.0
2025-08-13,대전,25.2,흐림,58.2,0.0
2025-08-13,부산,26.3,비,88.0,1.1
2025-08-13,서울,26.7,비,49.6,11.5
2025-08-13,인천,34.9,흐림,84.7,0.0
2025-08-14,경기,28.9,더움,71.8,0.0
2025-08-14,광주,26.9,더움,84.1,0.0
2025-08-14,대구,26.4,더움,89.6,0.0
2025-08-14,대전,32.2,흐림,43.6,0.0
2025-08-14,부산,34.4,비,36.2,6.7
2025-08-14,서울,25.8,비,76.5,14.8
2025-08-14,인천,29.9,비,68.5,27.3
2025-08-15,경기,33.7,흐림,45.6,0.0
2025-08-15,광주,33.9,흐림,88.0,0.0
2025-08-15,대구,27.7,비,40.2,4.1
2025-08-15,대전,26.2,비,49.2,4.4
2025-08-15,부산,27.6,더움,71.3,0.0
2025-08-15,서울,33.2,비,62.3,0.1
2025-08-15,인천,26.1,더움,86.8,0.0
2025-08-16,경기,30.8,더움,69.7,0.0
2025-08-16,광주,25.6,비,30.8,6.5
2025-08-16,대구,31.6,더움,74.1,0.0
2025-08-16,대전,31.9,더움,34.5,0.0
2025-08-16,부산,32.7,비,72.7,10.6
2025-08-16,서울,31.4,비,70.1,15.7
2025-08-16,인천,28.2,비,73.9,6.8
2025-08-17,경기,32.6,흐림,60.8,0.0
2025-08-17,광주,25.7,더움,55.4,0.0
2025-08-17,대구,27.2,더움,51.8,0.0
2025-08-17,대전,33.7,비,60.8,23.4
2025-08-17,부산,33.5,더움,36.3,0.0
2025-08-17,서울,26.9,비,36.3,6.3
2025-08-17,인천,32.6,비,48.7,13.6
2025-08-18,경기,26.0,흐림,57.7,0.0
2025-08-18,광주,28.3,흐림,56.5,0.0
2025-08-18,대구,28.5,비,37.1,16.5
2025-08-18,대전,29.3,비,39.0,15.1
2025-08-18,부산,26.9,비,31.7,19.9
2025-08-18,서울,28.1,흐림,82.2,0.0
2025-08-18,인천,32.5,더움,44.4,0.0
2025-08-19,경기,26.9,비,41.4,5.3
2025-08-19,광주,26.0,흐림,43.6,0.0
2025-08-19,대구,27.2,더움,33.2,0.0
2025-08-19,대전,30.8,더움,44.3,0.0
2025-08-19,부산,25.5,흐림,44.9,0.0
2025-08-19,서울,26.0,비,68.9,22.0
2025-08-19,인천,30.3,비,59.6,13.0
2025-08-20,경기,26.0,비,74.0,26.4
2025-08-20,광주,27.4,흐림,48.9,0.0
2025-08-20,대구,25.0,흐림,41.1,0.0
2025-08-20,대전,31.2,흐림,74.3,0.0
2025-08-20,부산,27.9,흐림,65.8,0.0
2025-08-20,서울,32.0,흐림,54.3,0.0
2025-08-20,인천,30.0,비,40.3,6.1
2025-08-21,경기,26.4,비,30.8,14.2
2025-08-21,광주,25.5,더움,31.0,0.0
2025-08-21,대구,28.5,흐림,58.4,0.0
2025-08-21,대전,29.9,더움,44.9,0.0
2025-08-21,부산,31.8,더움,81.2,0.0
2025-08-21,서울,26.7,더움,49.9,0.0
2025-08-21,인천,25.2,비,88.5,26.4
2025-08-22,경기,30.0,흐림,75.3,0.0
2025-08-22,광주,33.6,흐림,84.1,0.0
2025-08-22,대구,31.6,비,45.2,13.8
2025-08-22,대전,28.0,비,50.0,15.5
2025-08-22,부산,29.5,비,74.1,29.7
2025-08-22,서울,34.9,흐림,80.1,0.0
2025-08-22,인천,26.0,더움,78.2,0.0
2025-08-23,경기,32.3,흐림,31.2,0.0
2025-08-23,광주,30.4,흐림,84.7,0.0
2025-08-23,대구,28.6,비,74.7,5.8
2025-08-23,대전,31.4,비,87.9,26.3
2025-08-23,부산,25.3,비,64.7,20.9
2025-08-23,서울,29.8,흐림,46.2,0.0
2025-08-23,인천,33.6,비,69.6,4.2
2025-08-24,경기,33.9,비,53.5,12.5
2025-08-24,광주,29.7,더움,39.0,0.0
2025-08-24,대구,34.7,흐림,77.5,0.0
2025-08-24,대전,26.1,비,30.5,27.8
2025-08-24,부산,33.3,비,37.4,23.9
2025-08-24,서울,26.7,흐림,84.6,0.0
2025-08-24,인천,28.1,비,32.5,15.6
2025-08-25,경기,25.6,비,47.7,13.6
2025-08-25,광주,26.6,흐림,35.2,0.0
2025-08-25,대구,31.6,비,30.0,7.5
2025-08-25,대전,33.8,비,77.1,15.1
2025-08-25,부산,29.9,더움,30.3,0.0
2025-08-25,서울,31.2,비,69.9,9.1
2025-08-25,인천,27.8,더움,65.6,0.0
2025-08-26,경기,27.9,더움,31.9,0.0
2025-08-26,광주,26.4,비,63.3,9.0
2025-08-26,대구,31.0,비,40.4,13.1
2025-08-26,대전,33.0,비,38.4,23.0
2025-08-26,부산,34.7,비,35.9,7.8
2025-08-26,서울,26.4,비,74.0,13.0
2025-08-26,인천,27.5,비,70.7,11.6
2025-08-27,경기,30.5,비,52.6,26.3
2025-08-27,광주,25.9,비,38.4,27.2
2025-08-27,대구,28.5,비,58.0,28.8
2025-08-27,대전,25.3,비,63.5,28.7
2025-08-27,부산,34.3,흐림,72.8,0.0
2025-08-27,서울,28.0,더움,85.6,0.0
2025-08-27,인천,26.0,비,61.6,20.8
2025-08-28,경기,30.4,흐림,63.9,0.0
2025-08-28,광주,28.3,더움,35.8,0.0
2025-08-28,대구,29.6,흐림,33.3,0.0
2025-08-28,대전,27.7,더움,89.2,0.0
2025-08-28,부산,25.1,흐림,78.4,0.0
2025-08-28,서울,30.8,더움,52.4,0.0
2025-08-28,인천,25.5,비,80.7,3.8
2025-08-29,경기,32.4,더움,70.5,0.0
2025-08-29,광주,33.1,더움,67.4,0.0
2025-08-29,대구,26.4,비,83.7,19.2
2025-08-29,대전,28.0,더움,48.7,0.0
2025-08-29,부산,26.4,흐림,74.4,0.0
2025-08-29,서울,30.7,비,71.4,25.9
2025-08-29,인천,32.2,흐림,72.1,0.0
2025-08-30,경기,33.8,흐림,61.2,0.0
2025-08-30,광주,27.6,흐림,66.8,0.0
2025-08-30,대구,28.0,더움,59.0,0.0
2025-08-30,대전,33.2,더움,80.5,0.0
2025-08-30,부산,29.4,흐림,33.3,0.0
2025-08-30,서울,26.1,더움,30.0,0.0
2025-08-30,인천,27.0,더움,58.4,0.0
2025-08-31,경기,25.2,흐림,38.5,0.0
2025-08-31,광주,29.6,더움,78.8,0.0
2025-08-31,대구,27.9,비,70.1,28.8
2025-08-31,대전,28.7,비,46.5,11.6
2025-08-31,부산,32.0,흐림,42.0,0.0
2025-08-31,서울,33.6,비,67.0,13.0
2025-08-31,인천,31.6,흐림,40.2,0.0
2025-09-01,경기,21.9,비,64.8,1.0
2025-09-01,광주,23.3,비,60.8,5.2
2025-09-01,대구,22.6,비,30.5,4.7
2025-09-01,대전,26.6,비,60.2,10.5
2025-09-01,부산,27.6,흐림,58.1,0.0
2025-09-01,서울,18.3,맑음,57.4,0.0
2025-09-01,인천,26.9,비,67.2,1.3
2025-09-02,경기,22.6,흐림,81.5,0.0
2025-09-02,광주,23.3,비,37.8,9.7
2025-09-02,대구,22.8,비,87.8,18.2
2025-09-02,대전,23.8,맑음,85.6,0.0
2025-09-02,부산,27.2,흐림,34.1,0.0
2025-09-02,서울,21.5,맑음,73.2,0.0
2025-09-02,인천,20.8,맑음,75.8,0.0
2025-09-03,경기,18.3,맑음,74.0,0.0
2025-09-03,광주,18.6,맑음,45.0,0.0
2025-09-03,대구,26.0,비,36.3,26.4
2025-09-03,대전,26.9,비,75.3,12.6
2025-09-03,부산,22.8,비,75.6,29.4
2025-09-03,서울,21.5,비,67.0,12.1
2025-09-03,인천,19.0,맑음,36.4,0.0
2025-09-04,경기,24.1,흐림,80.4,0.0
2025-09-04,광주,26.1,흐림,78.5,0.0
2025-09-04,대구,20.0,비,45.1,13.1
2025-09-04,대전,20.3,흐림,74.5,0.0
2025-09-04,부산,19.3,흐림,68.2,0.0
2025-09-04,서울,26.5,맑음,34.4,0.0
2025-09-04,인천,21.2,맑음,71.9,0.0
2025-09-05,경기,19.0,비,32.0,4.2
2025-09-05,광주,26.5,비,78.1,13.2
2025-09-05,대구,24.4,비,59.8,25.0
2025-09-05,대전,26.3,비,60.1,10.7
2025-09-05,부산,26.6,비,50.4,20.5
2025-09-05,서울,18.9,맑음,31.5,0.0
2025-09-05,인천,21.6,맑음,54.5,0.0
2025-09-06,경기,21.0,비,37.1,6.9
2025-09-06,광주,27.3,비,60.0,12.0
2025-09-06,대구,21.6,비,82.3,4.7
2025-09-06,대전,18.7,흐림,64.5,0.0
2025-09-06,부산,27.2,흐림,45.1,0.0
2025-09-06,서울,21.8,비,34.3,2.3
2025-09-06,인천,23.4,비,31.4,24.6
2025-09-07,경기,22.7,비,85.0,7.9
2025-09-07,광주,20.4,맑음,34.4,0.0
2025-09-07,대구,20.0,맑음,79.0,0.0
2025-09-07,대전,27.2,흐림,69.8,0.0
2025-09-07,부산,21.3,맑음,75.9,0.0
2025-09-07,서울,23.5,맑음,83.5,0.0
2025-09-07,인천,18.3,맑음,55.3,0.0
2025-09-08,경기,21.5,맑음,34.2,0.0
2025-09-08,광주,22.3,흐림,48.2,0.0
2025-09-08,대구,20.7,맑음,32.5,0.0
2025-09-08,대전,23.0,맑음,43.5,0.0
2025-09-08,부산,26.9,맑음,58.7,0.0
2025-09-08,서울,27.0,비,72.2,23.0
2025-09-08,인천,24.0,흐림,66.7,0.0
2025-09-09,경기,23.3,맑음,81.6,0.0
2025-09-09,광주,21.5,흐림,50.6,0.0
2025-09-09,대구,25.0,흐림,63.0,0.0
2025-09-09,대전,22.4,맑음,83.8,0.0
2025-09-09,부산,25.7,흐림,71.7,0.0
2025-09-09,서울,18.2,맑음,33.3,0.0
2025-09-09,인천,24.8,비,31.1,14.5
2025-09-10,경기,20.3,맑음,74.8,0.0
2025-09-10,광주,19.3,흐림,53.9,0.0
2025-09-10,대구,19.8,흐림,32.6,0.0
2025-09-10,대전,24.0,흐림,83.4,0.0
2025-09-10,부산,20.5,비,33.4,1.7
2025-09-10,서울,20.4,맑음,35.5,0.0
2025-09-10,인천,23.7,비,89.5,0.4
2025-09-11,경기,20.1,비,72.3,24.4
2025-09-11,광주,27.5,비,59.2,2.4
2025-09-11,대구,20.4,비,83.6,9.6
2025-09-11,대전,23.0,비,33.2,27.0
2025-09-11,부산,25.8,흐림,47.6,0.0
2025-09-11,서울,19.2,비,34.6,7.5
2025-09-11,인천,22.4,맑음,48.2,0.0
2025-09-12,경기,25.4,흐림,42.6,0.0
2025-09-12,광주,26.3,흐림,35.1,0.0
2025-09-12,대구,25.6,비,87.2,0.6
2025-09-12,대전,20.7,맑음,65.3,0.0
2025-09-12,부산,27.8,맑음,71.9,0.0
2025-09-12,서울,26.4,맑음,61.3,0.0
2025-09-12,인천,25.2,흐림,77.3,0.0
2025-09-13,경기,26.6,맑음,53.1,0.0
2025-09-13,광주,20.2,비,31.6,21.8
2025-09-13,대구,25.6,비,86.2,27.3
2025-09-13,대전,27.2,흐림,84.4,0.0
2025-09-13,부산,22.3,비,33.1,9.2
2025-09-13,서울,26.5,흐림,53.0,0.0
2025-09-13,인천,20.2,맑음,52.8,0.0
2025-09-14,경기,25.5,비,78.4,16.6
2025-09-14,광주,27.5,비,35.1,7.5
2025-09-14,대구,20.6,비,87.6,14.0
2025-09-14,대전,19.3,맑음,30.9,0.0
2025-09-14,부산,22.6,비,64.4,17.0
2025-09-14,서울,22.3,비,55.7,21.9
2025-09-14,인천,27.3,비,47.2,29.7
2025-09-15,경기,21.6,흐림,69.6,0.0
2025-09-15,광주,26.4,비,43.1,1.8
2025-09-15,대구,22.6,흐림,56.4,0.0
2025-09-15,대전,18.4,흐림,51.5,0.0
2025-09-15,부산,24.6,비,80.2,25.4
2025-09-15,서울,21.0,비,64.3,1.2
2025-09-15,인천,26.1,비,66.5,3.7
2025-09-16,경기,27.5,흐림,56.4,0.0
2025-09-16,광주,23.1,비,56.4,9.5
2025-09-16,대구,26.7,맑음,69.4,0.0
2025-09-16,대전,19.1,맑음,32.3,0.0
2025-09-16,부산,19.3,흐림,67.8,0.0
2025-09-16,서울,20.8,맑음,66.6,0.0
2025-09-16,인천,25.7,흐림,46.6,0.0
2025-09-17,경기,27.8,흐림,31.0,0.0
2025-09-17,광주,22.2,비,68.5,26.3
2025-09-17,대구,19.1,흐림,34.6,0.0
2025-09-17,대전,21.3,맑음,52.3,0.0
2025-09-17,부산,21.5,맑음,34.6,0.0
2025-09-17,서울,25.2,비,33.6,21.4
2025-09-17,인천,23.4,흐림,32.7,0.0
2025-09-18,경기,21.3,흐림,54.5,0.0
2025-09-18,광주,23.1,비,64.9,10.3
2025-09-18,대구,27.1,맑음,31.5,0.0
2025-09-18,대전,20.1,비,48.8,21.5
2025-09-18,부산,19.6,맑음,32.7,0.0
2025-09-18,서울,18.2,맑음,66.4,0.0
2025-09-18,인천,21.7,비,86.5,8.8
2025-09-19,경기,25.3,비,52.9,29.9
2025-09-19,광주,22.4,비,46.2,25.1
2025-09-19,대구,23.5,비,55.1,22.0
2025-09-19,대전,26.0,비,66.4,19.8
2025-09-19,부산,23.7,맑음,89.9,0.0
2025-09-19,서울,21.8,맑음,65.0,0.0
2025-09-19,인천,27.6,맑음,87.5,0.0
2025-09-20,경기,20.3,흐림,48.9,0.0
2025-09-20,광주,26.3,비,89.2,27.8
2025-09-20,대구,18.8,비,51.7,14.5
2025-09-20,대전,22.5,맑음,55.1,0.0
2025-09-20,부산,21.6,흐림,51.1,0.0
2025-09-20,서울,27.1,흐림,49.7,0.0
2025-09-20,인천,24.9,맑음,56.7,0.0
2025-09-21,경기,24.7,비,66.3,23.9
2025-09-21,광주,22.2,맑음,75.9,0.0
2025-09-21,대구,24.3,흐림,76.4,0.0
2025-09-21,대전,26.8,맑음,30.9,0.0
2025-09-21,부산,23.1,흐림,38.9,0.0
2025-09-21,서울,25.8,맑음,54.5,0.0
2025-09-21,인천,21.1,흐림,34.9,0.0
2025-09-22,경기,26.3,맑음,31.4,0.0
2025-09-22,광주,23.9,흐림,67.0,0.0
2025-09-22,대구,25.0,흐림,44.5,0.0
2025-09-22,대전,19.2,흐림,83.8,0.0
2025-09-22,부산,27.2,비,84.3,10.6
2025-09-22,서울,27.3,비,74.6,3.8
2025-09-22,인천,27.9,맑음,37.9,0.0
2025-09-23,경기,27.1,흐림,67.8,0.0
2025-09-23,광주,22.5,비,49.2,5.3
2025-09-23,대구,27.2,비,86.2,2.5
2025-09-23,대전,23.9,맑음,52.2,0.0
2025-09-23,부산,25.3,맑음,73.4,0.0
2025-09-23,서울,18.5,비,74.3,10.6
2025-09-23,인천,26.3,비,47.4,14.3
2025-09-24,경기,22.9,흐림,32.9,0.0
2025-09-24,광주,23.8,흐림,66.9,0.0
2025-09-24,대구,27.5,맑음,32.5,0.0
2025-09-24,대전,26.8,비,73.9,12.9
2025-09-24,부산,20.9,흐림,53.0,0.0
2025-09-24,서울,23.9,비,86.7,2.9
2025-09-24,인천,27.0,비,64.8,25.3
2025-09-25,경기,20.7,흐림,56.3,0.0
2025-09-25,광주,23.4,비,41.7,14.7
2025-09-25,대구,19.0,맑음,63.1,0.0
2025-09-25,대전,25.5,비,31.6,27.1
2025-09-25,부산,25.5,비,85.5,20.0
2025-09-25,서울,21.5,맑음,39.9,0.0
2025-09-25,인천,20.9,맑음,85.1,0.0
2025-09-26,경기,22.3,비,56.7,3.8
2025-09-26,광주,26.0,흐림,74.7,0.0
2025-09-26,대구,20.6,흐림,81.9,0.0
2025-09-26,대전,25.3,흐림,37.0,0.0
2025-09-26,부산,27.2,비,37.2,26.7
2025-09-26,서울,21.7,맑음,46.9,0.0
2025-09-26,인천,20.9,흐림,36.6,0.0
2025-09-27,경기,21.4,비,57.2,22.1
2025-09-27,광주,23.9,맑음,82.3,0.0
2025-09-27,대구,21.2,비,80.5,19.8
2025-09-27,대전,18.4,비,68.1,0.2
2025-09-27,부산,22.3,맑음,85.9,0.0
2025-09-27,서울,25.3,맑음,49.6,0.0
2025-09-27,인천,25.8,비,72.4,9.4
2025-09-28,경기,22.8,맑음,41.2,0.0
2025-09-28,광주,24.1,흐림,67.9,0.0
2025-09-28,대구,20.1,비,56.1,14.7
2025-09-28,대전,20.1,비,40.7,12.5
2025-09-28,부산,27.5,맑음,81.4,0.0
2025-09-28,서울,24.7,맑음,45.9,0.0
2025-09-28,인천,20.8,흐림,41.9,0.0
2025-09-29,경기,27.5,비,82.7,25.2
2025-09-29,광주,24.6,맑음,36.9,0.0
2025-09-29,대구,20.2,맑음,87.8,0.0
2025-09-29,대전,22.2,흐림,56.8,0.0
2025-09-29,부산,21.9,비,51.4,14.4
2025-09-29,서울,24.4,맑음,59.1,0.0
2025-09-29,인천,24.7,흐림,59.4,0.0
2025-09-30,경기,25.0,흐림,72.3,0.0
2025-09-30,광주,26.1,흐림,55.5,0.0
2025-09-30,대구,20.2,비,81.1,12.3
2025-09-30,대전,25.7,비,45.7,9.5
2025-09-30,부산,22.1,비,44.1,8.7
2025-09-30,서울,27.6,흐림,69.6,0.0
2025-09-30,인천,26.4,흐림,81.8,0.0
2025-10-01,경기,12.2,추움,68.2,0.0
2025-10-01,광주,19.5,맑음,31.3,0.0
2025-10-01,대구,11.1,추움,88.1,0.0
2025-10-01,대전,13.3,추움,66.3,0.0
2025-10-01,부산,18.8,추움,62.2,0.0
2025-10-01,서울,19.1,흐림,46.1,0.0
2025-10-01,인천,13.1,맑음,54.6,0.0
2025-10-02,경기,17.7,흐림,63.2,0.0
2025-10-02,광주,14.1,흐림,63.2,0.0
2025-10-02,대구,14.0,추움,73.1,0.0
2025-10-02,대전,18.0,흐림,84.6,0.0
2025-10-02,부산,12.0,추움,39.4,0.0
2025-10-02,서울,10.9,흐림,72.3,0.0
2025-10-02,인천,10.5,추움,42.6,0.0
2025-10-03,경기,17.6,맑음,61.6,0.0
2025-10-03,광주,16.6,흐림,37.9,0.0
2025-10-03,대구,17.7,추움,44.8,0.0
2025-10-03,대전,17.5,흐림,78.8,0.0
2025-10-03,부산,12.8,맑음,31.5,0.0
2025-10-03,서울,19.4,맑음,32.2,0.0
2025-10-03,인천,14.0,추움,59.1,0.0
2025-10-04,경기,10.7,맑음,73.3,0.0
2025-10-04,광주,15.1,흐림,31.4,0.0
2025-10-04,대구,15.9,추움,53.5,0.0
2025-10-04,대전,18.6,추움,77.1,0.0
2025-10-04,부산,16.0,추움,39.1,0.0
2025-10-04,서울,18.8,추움,81.7,0.0
2025-10-04,인천,14.2,추움,30.9,0.0
2025-10-05,경기,15.8,추움,52.6,0.0
2025-10-05,광주,17.6,흐림,72.9,0.0
2025-10-05,대구,15.3,추움,44.7,0.0
2025-10-05,대전,19.9,맑음,73.7,0.0
2025-10-05,부산,12.8,추움,47.1,0.0
2025-10-05,서울,14.6,흐림,36.0,0.0
2025-10-05,인천,10.9,흐림,88.0,0.0
2025-10-06,경기,17.7,흐림,56.8,0.0
2025-10-06,광주,16.2,흐림,58.4,0.0
2025-10-06,대구,11.0,맑음,40.2,0.0
2025-10-06,대전,15.9,흐림,35.0,0.0
2025-10-06,부산,11.4,흐림,67.8,0.0
2025-10-06,서울,12.2,흐림,88.5,0.0
2025-10-06,인천,15.6,흐림,68.6,0.0
2025-10-07,경기,17.7,맑음,45.1,0.0
2025-10-07,광주,15.0,추움,87.6,0.0
2025-10-07,대구,18.7,흐림,46.1,0.0
2025-10-07,대전,17.6,맑음,77.7,0.0
2025-10-07,부산,13.2,맑음,63.9,0.0
2025-10-07,서울,18.4,추움,75.6,0.0
2025-10-07,인천,17.4,흐림,80.1,0.0
2025-10-08,경기,15.5,추움,74.4,0.0
2025-10-08,광주,10.4,맑음,55.5,0.0
2025-10-08,대구,11.6,맑음,74.9,0.0
2025-10-08,대전,12.0,맑음,82.2,0.0
2025-10-08,부산,10.8,추움,37.6,0.0
2025-10-08,서울,13.2,맑음,72.5,0.0
2025-10-08,인천,10.8,추움,36.3,0.0
2025-10-09,경기,17.5,맑음,62.8,0.0
2025-10-09,광주,15.2,흐림,42.3,0.0
2025-10-09,대구,15.2,흐림,66.9,0.0
2025-10-09,대전,15.6,흐림,40.0,0.0
2025-10-09,부산,17.2,흐림,82.8,0.0
2025-10-09,서울,16.3,맑음,61.5,0.0
2025-10-09,인천,10.1,흐림,37.1,0.0
2025-10-10,경기,12.5,추움,57.8,0.0
2025-10-10,광주,13.1,맑음,41.3,0.0
2025-10-10,대구,10.1,흐림,55.0,0.0
2025-10-10,대전,14.7,맑음,89.6,0.0
2025-10-10,부산,11.6,맑음,72.9,0.0
2025-10-10,서울,19.5,추움,52.3,0.0
2025-10-10,인천,19.3,흐림,73.2,0.0
2025-10-11,경기,10.6,맑음,58.1,0.0
2025-10-11,광주,17.7,추움,86.1,0.0
2025-10-11,대구,12.7,맑음,79.2,0.0
2025-10-11,대전,15.8,흐림,48.3,0.0
2025-10-11,부산,13.4,맑음,30.8,0.0
2025-10-11,서울,10.9,추움,57.5,0.0
2025-10-11,인천,10.7,맑음,68.2,0.0
2025-10-12,경기,15.9,맑음,36.2,0.0
2025-10-12,광주,18.7,추움,70.1,0.0
2025-10-12,대구,17.7,추움,49.8,0.0
2025-10-12,대전,16.0,추움,88.0,0.0
2025-10-12,부산,11.3,맑음,61.3,0.0
2025-10-12,서울,15.4,추움,69.6,0.0
2025-10-12,인천,12.8,맑음,45.8,0.0
2025-10-13,경기,19.9,맑음,35.5,0.0
2025-10-13,광주,17.6,추움,44.4,0.0
2025-10-13,대구,11.4,맑음,78.4,0.0
2025-10-13,대전,16.6,흐림,49.6,0.0
2025-10-13,부산,13.2,맑음,83.8,0.0
2025-10-13,서울,12.1,흐림,30.2,0.0
2025-10-13,인천,11.5,추움,39.9,0.0
2025-10-14,경기,13.5,흐림,80.3,0.0
2025-10-14,광주,16.9,흐림,63.5,0.0
2025-10-14,대구,17.1,흐림,80.4,0.0
2025-10-14,대전,14.4,추움,71.7,0.0
2025-10-14,부산,19.6,맑음,86.7,0.0
2025-10-14,서울,13.8,흐림,53.1,0.0
2025-10-14,인천,15.3,흐림,83.0,0.0
2025-10-15,경기,18.6,흐림,76.2,0.0
2025-10-15,광주,15.3,흐림,30.3,0.0
2025-10-15,대구,13.8,맑음,40.7,0.0
2025-10-15,대전,20.0,추움,41.8,0.0
2025-10-15,부산,18.8,추움,85.2,0.0
2025-10-15,서울,16.5,흐림,40.7,0.0
2025-10-15,인천,17.3,흐림,42.8,0.0
2025-10-16,경기,15.0,흐림,30.8,0.0
2025-10-16,광주,20.0,흐림,67.9,0.0
2025-10-16,대구,12.5,추움,67.5,0.0
2025-10-16,대전,18.2,추움,81.8,0.0
2025-10-16,부산,14.0,흐림,89.7,0.0
2025-10-16,서울,13.3,흐림,84.7,0.0
2025-10-16,인천,10.3,흐림,46.5,0.0
2025-10-17,경기,17.5,추움,78.4,0.0
2025-10-17,광주,13.1,맑음,81.5,0.0
2025-10-17,대구,10.8,맑음,80.0,0.0
2025-10-17,대전,10.6,맑음,68.2,0.0
2025-10-17,부산,11.5,추움,74.2,0.0
2025-10-17,서울,11.7,흐림,75.0,0.0
2025-10-17,인천,13.7,맑음,66.8,0.0
2025-10-18,경기,17.4,추움,50.0,0.0
2025-10-18,광주,10.6,추움,41.6,0.0
2025-10-18,대구,19.4,추움,61.0,0.0
2025-10-18,대전,14.0,추움,80.3,0.0
2025-10-18,부산,11.7,추움,89.2,0.0
2025-10-18,서울,19.8,흐림,41.7,0.0
2025-10-18,인천,18.5,추움,49.0,0.0
2025-10-19,경기,14.4,맑음,46.5,0.0
2025-10-19,광주,10.9,추움,85.8,0.0
2025-10-19,대구,13.1,맑음,63.6,0.0
2025-10-19,대전,13.4,맑음,64.1,0.0
2025-10-19,부산,17.5,추움,80.3,0.0
2025-10-19,서울,11.5,추움,46.0,0.0
2025-10-19,인천,16.9,맑음,54.6,0.0
2025-10-20,경기,10.9,추움,49.1,0.0
2025-10-20,광주,17.5,맑음,74.3,0.0
2025-10-20,대구,18.8,맑음,86.6,0.0
2025-10-20,대전,18.4,흐림,68.5,0.0
2025-10-20,부산,12.2,맑음,52.5,0.0
2025-10-20,서울,11.2,맑음,35.4,0.0
2025-10-20,인천,19.7,추움,76.0,0.0
2025-10-21,경기,12.8,맑음,63.9,0.0
2025-10-21,광주,15.2,추움,79.8,0.0
2025-10-21,대구,14.4,추움,35.5,0.0
2025-10-21,대전,15.8,흐림,50.9,0.0
2025-10-21,부산,11.8,맑음,47.7,0.0
2025-10-21,서울,10.5,흐림,72.4,0.0
2025-10-21,인천,12.3,흐림,41.3,0.0
2025-10-22,경기,13.9,추움,62.3,0.0
2025-10-22,광주,15.1,맑음,42.6,0.0
2025-10-22,대구,13.4,맑음,88.1,0.0
2025-10-22,대전,18.3,추움,77.7,0.0
2025-10-22,부산,18.1,추움,77.8,0.0
2025-10-22,서울,18.3,추움,32.2,0.0
2025-10-22,인천,19.9,맑음,56.0,0.0
2025-10-23,경기,15.2,맑음,67.9,0.0
2025-10-23,광주,14.8,흐림,50.2,0.0
2025-10-23,대구,13.2,맑음,36.3,0.0
2025-10-23,대전,18.7,흐림,30.5,0.0
2025-10-23,부산,15.6,흐림,69.5,0.0
2025-10-23,서울,14.7,맑음,31.9,0.0
2025-10-23,인천,11.4,흐림,65.2,0.0
2025-10-24,경기,14.7,맑음,41.2,0.0
2025-10-24,광주,14.0,추움,32.4,0.0
2025-10-24,대구,14.7,흐림,44.6,0.0
2025-10-24,대전,13.7,추움,50.3,0.0
2025-10-24,부산,15.8,추움,56.1,0.0
2025-10-24,서울,11.9,맑음,51.5,0.0
2025-10-24,인천,14.4,맑음,67.0,0.0
2025-10-25,경기,11.1,추움,55.6,0.0
2025-10-25,광주,11.3,맑음,50.0,0.0
2025-10-25,대구,18.9,흐림,87.9,0.0
2025-10-25,대전,12.0,추움,88.3,0.0
2025-10-25,부산,11.6,맑음,40.0,0.0
2025-10-25,서울,17.6,맑음,84.1,0.0
2025-10-25,인천,19.5,흐림,54.0,0.0
2025-10-26,경기,18.0,맑음,57.5,0.0
2025-10-26,광주,15.6,추움,76.5,0.0
2025-10-26,대구,11.8,맑음,81.5,0.0
2025-10-26,대전,10.9,흐림,44.7,0.0
2025-10-26,부산,18.8,맑음,48.1,0.0
2025-10-26,서울,19.7,맑음,48.6,0.0
2025-10-26,인천,14.6,맑음,69.5,0.0
2025-10-27,경기,15.5,흐림,53.6,0.0
2025-10-27,광주,18.2,흐림,73.8,0.0
2025-10-27,대구,13.9,맑음,49.1,0.0
2025-10-27,대전,14.0,맑음,49.6,0.0
2025-10-27,부산,17.1,흐림,75.8,0.0
2025-10-27,서울,14.8,맑음,50.7,0.0
2025-10-27,인천,19.1,맑음,70.1,0.0
2025-10-28,경기,14.9,흐림,74.4,0.0
2025-10-28,광주,12.3,추움,60.0,0.0
2025-10-28,대구,15.0,흐림,30.1,0.0
2025-10-28,대전,17.5,추움,84.9,0.0
2025-10-28,부산,17.7,맑음,52.1,0.0
2025-10-28,서울,16.0,흐림,62.0,0.0
2025-10-28,인천,10.3,추움,83.1,0.0
2025-10-29,경기,13.8,흐림,40.8,0.0
2025-10-29,광주,13.5,맑음,74.0,0.0
2025-10-29,대구,11.8,흐림,53.9,0.0
2025-10-29,대전,18.3,추움,57.9,0.0
2025-10-29,부산,10.3,흐림,87.5,0.0
2025-10-29,서울,12.1,맑음,56.1,0.0
2025-10-29,인천,12.8,맑음,53.2,0.0
2025-10-30,경기,11.6,맑음,37.7,0.0
2025-10-30,광주,15.0,흐림,76.9,0.0
2025-10-30,대구,17.7,흐림,48.2,0.0
2025-10-30,대전,17.4,흐림,37.0,0.0
2025-10-30,부산,16.5,흐림,70.2,0.0
2025-10-30,서울,18.6,추움,78.2,0.0
2025-10-30,인천,13.8,추움,57.3,0.0
2025-10-31,경기,11.1,흐림,40.7,0.0
2025-10-31,광주,14.6,맑음,32.4,0.0
2025-10-31,대구,15.9,추움,41.9,0.0
2025-10-31,대전,17.3,추움,57.3,0.0
2025-10-31,부산,10.8,추움,30.4,0.0
2025-10-31,서울,13.4,추움,62.1,0.0
2025-10-31,인천,15.3,흐림,53.0,0.0
2025-11-01,경기,9.9,흐림,45.1,0.0
2025-11-01,광주,10.3,추움,61.9,0.0
2025-11-01,대구,7.2,추움,56.8,0.0
2025-11-01,대전,9.4,추움,65.7,0.0
2025-11-01,부산,8.4,맑음,40.7,0.0
2025-11-01,서울,7.6,추움,33.0,0.0
2025-11-01,인천,9.7,추움,76.0,0.0
2025-11-02,경기,4.3,맑음,38.7,0.0
2025-11-02,광주,9.1,맑음,73.4,0.0
2025-11-02,대구,11.2,흐림,64.1,0.0
2025-11-02,대전,3.8,맑음,52.4,0.0
2025-11-02,부산,9.9,추움,44.6,0.0
2025-11-02,서울,5.5,추움,35.0,0.0
2025-11-02,인천,7.3,추움,46.5,0.0
2025-11-03,경기,6.4,맑음,68.2,0.0
2025-11-03,광주,9.2,추움,62.3,0.0
2025-11-03,대구,11.4,맑음,56.0,0.0
2025-11-03,대전,10.9,맑음,64.3,0.0
2025-11-03,부산,5.6,흐림,69.2,0.0
2025-11-03,서울,6.8,맑음,88.8,0.0
2025-11-03,인천,7.2,추움,31.3,0.0
2025-11-04,경기,7.7,흐림,75.6,0.0
2025-11-04,광주,10.8,맑음,69.4,0.0
2025-11-04,대구,7.0,흐림,40.9,0.0
2025-11-04,대전,5.7,추움,54.4,0.0
2025-11-04,부산,5.8,맑음,70.3,0.0
2025-11-04,서울,9.9,맑음,32.9,0.0
2025-11-04,인천,5.7,추움,71.3,0.0
2025-11-05,경기,6.2,흐림,43.3,0.0
2025-11-05,광주,3.1,흐림,50.4,0.0
2025-11-05,대구,8.9,추움,68.1,0.0
2025-11-05,대전,8.4,추움,58.5,0.0
2025-11-05,부산,5.9,흐림,72.7,0.0
2025-11-05,서울,5.7,추움,65.9,0.0
2025-11-05,인천,10.1,맑음,43.3,0.0
2025-11-06,경기,8.0,흐림,61.9,0.0
2025-11-06,광주,6.7,흐림,47.5,0.0
2025-11-06,대구,9.3,맑음,63.7,0.0
2025-11-06,대전,3.8,추움,74.9,0.0
2025-11-06,부산,9.6,맑음,64.3,0.0
2025-11-06,서울,11.2,추움,39.1,0.0
2025-11-06,인천,9.7,맑음,45.3,0.0
2025-11-07,경기,9.2,맑음,40.0,0.0
2025-11-07,광주,4.0,맑음,43.1,0.0
2025-11-07,대구,7.9,흐림,44.1,0.0
2025-11-07,대전,4.3,흐림,66.4,0.0
2025-11-07,부산,10.5,맑음,47.0,0.0
2025-11-07,서울,7.5,추움,58.0,0.0
2025-11-07,인천,8.6,추움,54.9,0.0
2025-11-08,경기,10.7,맑음,89.1,0.0
2025-11-08,광주,6.2,흐림,62.1,0.0
2025-11-08,대구,10.7,추움,67.8,0.0
2025-11-08,대전,11.8,흐림,87.6,0.0
2025-11-08,부산,7.2,맑음,66.0,0.0
2025-11-08,서울,8.7,맑음,40.7,0.0
2025-11-08,인천,8.5,추움,51.1,0.0
2025-11-09,경기,5.9,추움,85.5,0.0
2025-11-09,광주,7.1,추움,68.2,0.0
2025-11-09,대구,9.6,추움,71.0,0.0
2025-11-09,대전,6.8,맑음,69.2,0.0
2025-11-09,부산,3.0,추움,79.8,0.0
2025-11-09,서울,5.3,추움,54.2,0.0
2025-11-09,인천,12.2,맑음,40.7,0.0
2025-11-10,경기,13.0,흐림,66.0,0.0
2025-11-10,광주,6.9,흐림,60.7,0.0
2025-11-10,대구,9.8,추움,87.1,0.0
2025-11-10,대전,10.4,맑음,83.0,0.0
2025-11-10,부산,5.5,흐림,64.2,0.0
2025-11-10,서울,5.2,흐림,66.6,0.0
2025-11-10,인천,7.1,흐림,31.4,0.0
2025-11-11,경기,10.2,추움,44.4,0.0
2025-11-11,광주,11.0,맑음,88.4,0.0
2025-11-11,대구,5.1,맑음,57.7,0.0
2025-11-11,대전,9.8,맑음,56.6,0.0
2025-11-11,부산,4.3,추움,33.9,0.0
2025-11-11,서울,11.5,맑음,39.7,0.0
2025-11-11,인천,12.4,추움,85.3,0.0
2025-11-12,경기,11.7,추움,84.5,0.0
2025-11-12,광주,11.8,추움,62.2,0.0
2025-11-12,대구,11.7,추움,89.7,0.0
2025-11-12,대전,3.7,추움,55.0,0.0
2025-11-12,부산,10.5,맑음,70.9,0.0
2025-11-12,서울,9.4,흐림,78.2,0.0
2025-11-12,인천,7.6,맑음,87.7,0.0
2025-11-13,경기,10.1,흐림,56.3,0.0
2025-11-13,광주,11.5,맑음,75.5,0.0
2025-11-13,대구,12.3,흐림,67.8,0.0
2025-11-13,대전,7.3,추움,37.4,0.0
2025-11-13,부산,10.7,흐림,51.8,0.0
2025-11-13,서울,10.8,흐림,68.8,0.0
2025-11-13,인천,3.6,흐림,78.7,0.0
2025-11-14,경기,6.7,맑음,69.4,0.0
2025-11-14,광주,6.0,추움,56.7,0.0
2025-11-14,대구,3.7,흐림,84.0,0.0
2025-11-14,대전,10.5,추움,75.4,0.0
2025-11-14,부산,5.6,맑음,49.8,0.0
2025-11-14,서울,10.5,흐림,36.7,0.0
2025-11-14,인천,12.1,맑음,77.7,0.0
2025-11-15,경기,3.4,흐림,38.4,0.0
2025-11-15,광주,5.9,흐림,74.6,0.0
2025-11-15,대구,12.4,추움,39.5,0.0
2025-11-15,대전,6.0,흐림,72.8,0.0
2025-11-15,부산,8.6,추움,72.8,0.0
2025-11-15,서울,10.0,추움,64.1,0.0
2025-11-15,인천,5.9,흐림,43.3,0.0
2025-11-16,경기,5.6,추움,43.7,0.0
2025-11-16,광주,9.4,추움,65.2,0.0
2025-11-16,대구,11.7,흐림,61.0,0.0
2025-11-16,대전,9.2,추움,40.2,0.0
2025-11-16,부산,5.6,맑음,73.3,0.0
2025-11-16,서울,4.3,흐림,66.4,0.0
2025-11-16,인천,8.8,맑음,38.9,0.0
2025-11-17,경기,9.5,추움,82.2,0.0
2025-11-17,광주,9.5,맑음,51.4,0.0
2025-11-17,대구,6.1,맑음,43.5,0.0
2025-11-17,대전,9.1,추움,73.7,0.0
2025-11-17,부산,9.7,맑음,33.9,0.0
2025-11-17,서울,6.1,흐림,52.5,0.0
2025-11-17,인천,4.8,추움,83.8,0.0
2025-11-18,경기,11.4,맑음,80.7,0.0
2025-11-18,광주,8.4,흐림,34.8,0.0
2025-11-18,대구,12.5,맑음,60.4,0.0
2025-11-18,대전,8.5,추움,62.1,0.0
2025-11-18,부산,9.6,추움,53.9,0.0
2025-11-18,서울,8.7,추움,68.3,0.0
2025-11-18,인천,12.0,흐림,74.5,0.0
2025-11-19,경기,5.6,맑음,74.4,0.0
2025-11-19,광주,12.1,맑음,38.0,0.0
2025-11-19,대구,12.8,맑음,45.9,0.0
2025-11-19,대전,3.9,추움,41.4,0.0
2025-11-19,부산,9.9,맑음,57.4,0.0
2025-11-19,서울,7.5,맑음,61.4,0.0
2025-11-19,인천,12.4,흐림,81.5,0.0
2025-11-20,경기,10.6,흐림,58.6,0.0
2025-11-20,광주,7.9,흐림,64.2,0.0
2025-11-20,대구,4.2,추움,35.0,0.0
2025-11-20,대전,4.0,맑음,65.4,0.0
2025-11-20,부산,10.9,추움,34.4,0.0
2025-11-20,서울,3.6,추움,43.7,0.0
2025-11-20,인천,8.4,맑음,76.9,0.0
2025-11-21,경기,11.9,흐림,76.6,0.0
2025-11-21,광주,12.5,추움,48.0,0.0
2025-11-21,대구,9.0,추움,59.6,0.0
2025-11-21,대전,6.3,맑음,59.0,0.0
2025-11-21,부산,12.9,추움,45.1,0.0
2025-11-21,서울,7.3,흐림,84.3,0.0
2025-11-21,인천,8.9,맑음,68.1,0.0
2025-11-22,경기,8.0,흐림,67.6,0.0
2025-11-22,광주,12.3,맑음,56.6,0.0
2025-11-22,대구,7.7,흐림,39.8,0.0
2025-11-22,대전,10.6,맑음,70.4,0.0
2025-11-22,부산,3.1,추움,83.6,0.0
2025-11-22,서울,5.5,흐림,46.5,0.0
2025-11-22,인천,12.8,맑음,86.7,0.0
2025-11-23,경기,10.8,맑음,75.8,0.0
2025-11-23,광주,11.5,맑음,66.6,0.0
2025-11-23,대구,5.1,흐림,70.3,0.0
2025-11-23,대전,4.6,추움,76.0,0.0
2025-11-23,부산,7.7,흐림,71.1,0.0
2025-11-23,서울,9.9,흐림,79.4,0.0
2025-11-23,인천,6.1,맑음,48.3,0.0
2025-11-24,경기,9.5,추움,77.3,0.0
2025-11-24,광주,7.3,추움,53.6,0.0
2025-11-24,대구,4.4,추움,50.0,0.0
2025-11-24,대전,11.3,추움,48.9,0.0
2025-11-24,부산,12.3,추움,80.1,0.0
2025-11-24,서울,6.3,맑음,61.0,0.0
2025-11-24,인천,5.7,흐림,86.0,0.0
2025-11-25,경기,12.7,맑음,51.2,0.0
2025-11-25,광주,6.3,추움,63.6,0.0
2025-11-25,대구,10.2,흐림,47.7,0.0
2025-11-25,대전,3.2,추움,55.6,0.0
2025-11-25,부산,11.2,맑음,42.1,0.0
2025-11-25,서울,3.1,추움,86.4,0.0
2025-11-25,인천,12.7,맑음,76.0,0.0
2025-11-26,경기,11.6,추움,36.4,0.0
2025-11-26,광주,8.9,흐림,33.6,0.0
2025-11-26,대구,10.8,맑음,53.4,0.0
2025-11-26,대전,7.9,흐림,46.8,0.0
2025-11-26,부산,8.9,흐림,87.1,0.0
2025-11-26,서울,11.0,맑음,67.1,0.0
2025-11-26,인천,4.6,맑음,73.4,0.0
2025-11-27,경기,7.4,추움,47.1,0.0
2025-11-27,광주,6.3,맑음,62.8,0.0
2025-11-27,대구,11.7,맑음,65.4,0.0
2025-11-27,대전,5.0,흐림,35.3,0.0
2025-11-27,부산,12.8,추움,73.9,0.0
2025-11-27,서울,9.4,맑음,46.6,0.0
2025-11-27,인천,4.3,추움,75.0,0.0
2025-11-28,경기,9.9,추움,38.4,0.0
2025-11-28,광주,5.0,추움,88.3,0.0
2025-11-28,대구,10.5,추움,42.9,0.0
2025-11-28,대전,7.7,추움,57.6,0.0
2025-11-28,부산,6.1,흐림,81.2,0.0
2025-11-28,서울,5.6,흐림,61.9,0.0
2025-11-28,인천,11.7,맑음,72.0,0.0
2025-11-29,경기,4.4,맑음,68.5,0.0
2025-11-29,광주,10.9,추움,59.5,0.0
2025-11-29,대구,6.7,흐림,63.9,0.0
2025-11-29,대전,12.6,맑음,82.4,0.0
2025-11-29,부산,11.3,맑음,33.6,0.0
2025-11-29,서울,5.6,추움,74.9,0.0
2025-11-29,인천,7.0,추움,59.2,0.0
2025-11-30,경기,8.7,맑음,88.5,0.0
2025-11-30,광주,11.9,추움,89.7,0.0
2025-11-30,대구,12.9,흐림,75.1,0.0
2025-11-30,대전,7.3,흐림,46.6,0.0
2025-11-30,부산,8.7,맑음,58.1,0.0
2025-11-30,서울,6.3,흐림,34.0,0.0
2025-11-30,인천,8.3,맑음,77.9,0.0
2025-12-01,경기,1.5,눈,76.9,22.2
2025-12-01,광주,3.5,흐림,42.0,0.0
2025-12-01,대구,0.2,추움,39.0,0.0
2025-12-01,대전,2.8,추움,76.1,0.0
2025-12-01,부산,-2.9,눈,79.7,0.6
2025-12-01,서울,3.5,추움,34.4,0.0
2025-12-01,인천,5.9,흐림,54.1,0.0
2025-12-02,경기,4.7,추움,42.4,0.0
2025-12-02,광주,1.2,추움,46.3,0.0
2025-12-02,대구,0.3,맑음,48.9,0.0
2025-12-02,대전,3.6,추움,42.1,0.0
2025-12-02,부산,4.8,맑음,62.4,0.0
2025-12-02,서울,5.9,눈,72.9,17.3
2025-12-02,인천,-2.0,추움,62.0,0.0
2025-12-03,경기,-1.8,흐림,86.9,0.0
2025-12-03,광주,-1.4,맑음,42.6,0.0
2025-12-03,대구,-1.0,흐림,76.3,0.0
2025-12-03,대전,-2.1,맑음,40.5,0.0
2025-12-03,부산,0.8,추움,56.8,0.0
2025-12-03,서울,4.7,추움,31.6,0.0
2025-12-03,인천,1.4,맑음,74.6,0.0
2025-12-04,경기,1.2,눈,42.6,2.7
2025-12-04,광주,-0.7,눈,72.1,19.5
2025-12-04,대구,6.6,흐림,36.0,0.0
2025-12-04,대전,6.5,눈,80.2,13.0
2025-12-04,부산,-2.9,맑음,78.2,0.0
2025-12-04,서울,4.4,흐림,51.5,0.0
2025-12-04,인천,1.8,눈,60.5,28.3
2025-12-05,경기,4.3,눈,83.8,1.4
2025-12-05,광주,-1.3,추움,61.1,0.0
2025-12-05,대구,-2.4,맑음,78.1,0.0
2025-12-05,대전,0.7,눈,54.9,4.7
2025-12-05,부산,-1.6,추움,58.2,0.0
2025-12-05,서울,5.8,흐림,31.0,0.0
2025-12-05,인천,-1.2,추움,30.6,0.0
2025-12-06,경기,0.7,추움,85.5,0.0
2025-12-06,광주,6.1,추움,32.8,0.0
2025-12-06,대구,3.2,눈,31.7,0.8
2025-12-06,대전,5.9,맑음,32.1,0.0
2025-12-06,부산,3.3,흐림,84.5,0.0
2025-12-06,서울,4.4,추움,78.6,0.0
2025-12-06,인천,-2.7,추움,42.2,0.0
2025-12-07,경기,-1.4,추움,30.9,0.0
2025-12-07,광주,0.1,맑음,58.2,0.0
2025-12-07,대구,5.6,흐림,62.2,0.0
2025-12-07,대전,5.6,추움,78.6,0.0
2025-12-07,부산,6.7,맑음,57.9,0.0
2025-12-07,서울,4.6,흐림,73.4,0.0
2025-12-07,인천,-2.1,추움,89.3,0.0
2025-12-08,경기,1.8,맑음,74.9,0.0
2025-12-08,광주,0.3,눈,88.4,20.1
2025-12-08,대구,4.2,맑음,46.9,0.0
2025-12-08,대전,-0.5,맑음,45.0,0.0
2025-12-08,부산,-0.7,추움,34.9,0.0
2025-12-08,서울,-1.7,눈,69.4,11.0
2025-12-08,인천,-1.7,추움,60.9,0.0
2025-12-09,경기,2.8,추움,86.1,0.0
2025-12-09,광주,1.8,흐림,50.6,0.0
2025-12-09,대구,-1.6,맑음,32.0,0.0
2025-12-09,대전,-1.4,추움,49.4,0.0
2025-12-09,부산,4.9,맑음,88.8,0.0
2025-12-09,서울,4.6,눈,37.9,12.7
2025-12-09,인천,4.5,맑음,78.0,0.0
2025-12-10,경기,2.5,눈,37.1,8.4
2025-12-10,광주,-2.1,추움,88.5,0.0
2025-12-10,대구,3.7,맑음,50.5,0.0
2025-12-10,대전,-2.4,눈,51.9,19.3
2025-12-10,부산,4.7,흐림,57.4,0.0
2025-12-10,서울,1.5,흐림,42.9,0.0
2025-12-10,인천,0.4,눈,83.6,7.7
2025-12-11,경기,5.7,추움,48.4,0.0
2025-12-11,광주,2.6,추움,61.8,0.0
2025-12-11,대구,-1.6,추움,70.8,0.0
2025-12-11,대전,-1.0,맑음,74.7,0.0
2025-12-11,부산,1.0,추움,86.5,0.0
2025-12-11,서울,-1.8,맑음,72.8,0.0
2025-12-11,인천,2.5,흐림,86.4,0.0
2025-12-12,경기,3.9,추움,89.8,0.0
2025-12-12,광주,5.6,흐림,46.7,0.0
2025-12-12,대구,5.4,추움,75.1,0.0
2025-12-12,대전,2.4,추움,87.3,0.0
2025-12-12,부산,3.3,추움,81.5,0.0
2025-12-12,서울,5.0,맑음,51.8,0.0
2025-12-12,인천,0.7,추움,36.0,0.0
2025-12-13,경기,5.9,흐림,58.1,0.0
2025-12-13,광주,1.8,추움,39.6,0.0
2025-12-13,대구,-0.9,눈,74.0,17.8
2025-12-13,대전,-2.4,맑음,54.6,0.0
2025-12-13,부산,-0.5,맑음,63.3,0.0
2025-12-13,서울,0.0,흐림,84.1,0.0
2025-12-13,인천,4.2,추움,48.0,0.0
2025-12-14,경기,0.9,흐림,41.6,0.0
2025-12-14,광주,2.2,눈,76.3,18.0
2025-12-14,대구,-0.9,추움,38.5,0.0
2025-12-14,대전,4.6,눈,30.6,3.5
2025-12-14,부산,-1.8,흐림,74.4,0.0
2025-12-14,서울,0.9,추움,39.6,0.0
2025-12-14,인천,-2.3,눈,87.8,8.3
2025-12-15,경기,2.4,맑음,66.6,0.0
2025-12-15,광주,-2.1,맑음,73.9,0.0
2025-12-15,대구,-1.9,눈,58.0,17.5
2025-12-15,대전,4.6,흐림,43.5,0.0
2025-12-15,부산,5.8,눈,87.0,1.2
2025-12-15,서울,3.6,추움,47.9,0.0
2025-12-15,인천,-2.3,추움,88.7,0.0
2025-12-16,경기,1.2,흐림,68.3,0.0
2025-12-16,광주,3.7,흐림,36.2,0.0
2025-12-16,대구,-2.9,맑음,72.8,0.0
2025-12-16,대전,-0.6,흐림,59.7,0.0
2025-12-16,부산,1.2,눈,80.2,29.5
2025-12-16,서울,-0.6,눈,81.0,14.8
2025-12-16,인천,5.4,눈,73.9,27.1
2025-12-17,경기,3.1,흐림,82.2,0.0
2025-12-17,광주,0.5,맑음,77.3,0.0
2025-12-17,대구,0.6,추움,70.4,0.0
2025-12-17,대전,5.2,흐림,73.1,0.0
2025-12-17,부산,2.8,맑음,37.0,0.0
2025-12-17,서울,2.6,흐림,80.2,0.0
2025-12-17,인천,-2.6,흐림,36.5,0.0
2025-12-18,경기,5.1,흐림,67.7,0.0
2025-12-18,광주,0.6,눈,71.0,10.6
2025-12-18,대구,-0.1,맑음,54.7,0.0
2025-12-18,대전,4.3,맑음,81.0,0.0
2025-12-18,부산,-2.8,추움,86.8,0.0
2025-12-18,서울,2.7,흐림,61.4,0.0
2025-12-18,인천,3.7,흐림,31.5,0.0
2025-12-19,경기,1.6,눈,89.5,7.9
2025-12-19,광주,0.2,추움,48.4,0.0
2025-12-19,대구,5.4,추움,81.4,0.0
2025-12-19,대전,0.5,눈,62.3,24.2
2025-12-19,부산,4.4,눈,75.2,23.4
2025-12-19,서울,-0.2,추움,77.0,0.0
2025-12-19,인천,-0.9,추움,76.2,0.0
2025-12-20,경기,3.4,흐림,75.4,0.0
2025-12-20,광주,4.6,눈,62.3,11.9
2025-12-20,대구,6.6,추움,49.4,0.0
2025-12-20,대전,-1.1,맑음,48.6,0.0
2025-12-20,부산,0.4,눈,56.3,10.8
2025-12-20,서울,3.4,맑음,48.8,0.0
2025-12-20,인천,-0.4,추움,72.4,0.0
2025-12-21,경기,5.5,흐림,38.7,0.0
2025-12-21,광주,3.7,추움,46.4,0.0
2025-12-21,대구,3.1,눈,88.2,9.7
2025-12-21,대전,1.4,추움,32.4,0.0
2025-12-21,부산,5.5,맑음,74.2,0.0
2025-12-21,서울,-1.0,맑음,35.4,0.0
2025-12-21,인천,2.3,눈,53.8,27.6
2025-12-22,경기,-0.5,추움,43.5,0.0
2025-12-22,광주,3.3,흐림,83.3,0.0
2025-12-22,대구,1.1,흐림,63.1,0.0
2025-12-22,대전,1.1,추움,80.9,0.0
2025-12-22,부산,5.6,맑음,59.0,0.0
2025-12-22,서울,-0.8,흐림,71.7,0.0
2025-12-22,인천,-1.5,추움,47.8,0.0
2025-12-23,경기,5.0,눈,45.8,11.1
2025-12-23,광주,2.4,흐림,36.3,0.0
2025-12-23,대구,5.0,추움,64.7,0.0
2025-12-23,대전,6.8,맑음,77.1,0.0
2025-12-23,부산,0.2,추움,79.6,0.0
2025-12-23,서울,4.5,흐림,72.4,0.0
2025-12-23,인천,0.2,추움,51.4,0.0
2025-12-24,경기,1.7,추움,64.5,0.0
2025-12-24,광주,-2.4,추움,51.3,0.0
2025-12-24,대구,2.6,맑음,63.5,0.0
2025-12-24,대전,6.0,맑음,58.6,0.0
2025-12-24,부산,-2.4,흐림,89.7,0.0
2025-12-24,서울,4.2,추움,73.1,0.0
2025-12-24,인천,1.6,맑음,56.3,0.0
2025-12-25,경기,1.3,흐림,75.9,0.0
2025-12-25,광주,5.6,눈,88.3,1.6
2025-12-25,대구,0.3,눈,64.2,26.3
2025-12-25,대전,-1.6,흐림,62.4,0.0
2025-12-25,부산,0.1,흐림,71.8,0.0
2025-12-25,서울,2.7,눈,86.8,21.8
2025-12-25,인천,6.9,추움,42.9,0.0
2025-12-26,경기,2.3,맑음,73.8,0.0
2025-12-26,광주,5.0,흐림,52.9,0.0
2025-12-26,대구,4.3,흐림,49.9,0.0
2025-12-26,대전,6.5,맑음,64.4,0.0
2025-12-26,부산,5.4,추움,31.8,0.0
2025-12-26,서울,2.9,눈,76.5,2.1
2025-12-26,인천,-0.5,추움,66.1,0.0
2025-12-27,경기,0.1,맑음,40.6,0.0
2025-12-27,광주,6.8,맑음,33.5,0.0
2025-12-27,대구,6.9,눈,68.0,10.2
2025-12-27,대전,2.2,맑음,31.2,0.0
2025-12-27,부산,-0.4,추움,42.0,0.0
2025-12-27,서울,-1.6,흐림,50.6,0.0
2025-12-27,인천,5.8,흐림,60.0,0.0
2025-12-28,경기,-3.0,맑음,53.1,0.0
2025-12-28,광주,2.7,눈,83.5,21.2
2025-12-28,대구,-1.2,흐림,43.1,0.0
2025-12-28,대전,-2.0,눈,71.0,4.6
2025-12-28,부산,5.6,눈,87.3,5.7
2025-12-28,서울,-2.0,눈,30.1,29.6
2025-12-28,인천,5.0,맑음,64.1,0.0
2025-12-29,경기,-2.7,흐림,32.3,0.0
2025-12-29,광주,6.3,흐림,62.9,0.0
2025-12-29,대구,6.0,추움,59.9,0.0
2025-12-29,대전,7.0,추움,85.2,0.0
2025-12-29,부산,-1.9,눈,71.0,17.7
2025-12-29,서울,2.1,추움,78.9,0.0
2025-12-29,인천,5.1,맑음,48.7,0.0
2025-12-30,경기,0.4,맑음,51.9,0.0
2025-12-30,광주,6.1,눈,63.8,21.1
2025-12-30,대구,5.1,흐림,84.6,0.0
2025-12-30,대전,5.5,맑음,35.5,0.0
2025-12-30,부산,-2.6,흐림,33.5,0.0
2025-12-30,서울,4.8,흐림,86.6,0.0
2025-12-30,인천,6.6,추움,59.4,0.0
2025-12-31,경기,0.2,눈,56.9,5.9
2025-12-31,광주,-1.1,맑음,35.4,0.0
2025-12-31,대구,3.1,흐림,48.4,0.0
2025-12-31,대전,4.7,눈,71.9,15.8
2025-12-31,부산,-2.8,흐림,36.3,0.0
2025-12-31,서울,4.6,흐림,68.6,0.0
2025-12-31,인천,1.0,흐림,52.6,0.0
